
> Configure project :app
WARNING: The option setting 'android.builtInKotlin=false' is deprecated.
The current default is 'true'.
It will be removed in version 10.0 of the Android Gradle plugin.
Add android.sync.suppressAgpWarnings=UNSUPPORTED_PROJECT_OPTION_USE to the gradle.properties file to suppress this warning.
WARNING: The option setting 'android.newDsl=false' is deprecated.
The current default is 'true'.
It will be removed in version 10.0 of the Android Gradle plugin.
Add android.sync.suppressAgpWarnings=UNSUPPORTED_PROJECT_OPTION_USE to the gradle.properties file to suppress this warning.
WARNING: API 'applicationVariants' is obsolete and has been replaced with 'AndroidComponentsExtension'.
It will be removed in version 10.0 of the Android Gradle plugin.
The legacy variant API is disabled by default in AGP 9.0, but can be re-enabled by adding 
    android.newDsl=false
to this project's gradle.properties file.
For more information, see http://developer.android.com/build/r/new-dsl.

To determine what is calling applicationVariants, use -Pandroid.debug.obsoleteApi=true on the command line to display more information.
Add android.sync.suppressAgpWarnings=DEPRECATED_DSL to the gradle.properties file to suppress this warning.
WARNING: API 'testVariants' is obsolete and has been replaced with 'AndroidComponentsExtension'.
It will be removed in version 10.0 of the Android Gradle plugin.
The legacy variant API is disabled by default in AGP 9.0, but can be re-enabled by adding 
    android.newDsl=false
to this project's gradle.properties file.
For more information, see http://developer.android.com/build/r/new-dsl.

To determine what is calling testVariants, use -Pandroid.debug.obsoleteApi=true on the command line to display more information.
Add android.sync.suppressAgpWarnings=DEPRECATED_DSL to the gradle.properties file to suppress this warning.
WARNING: API 'unitTestVariants' is obsolete and has been replaced with 'AndroidComponentsExtension'.
It will be removed in version 10.0 of the Android Gradle plugin.
The legacy variant API is disabled by default in AGP 9.0, but can be re-enabled by adding 
    android.newDsl=false
to this project's gradle.properties file.
For more information, see http://developer.android.com/build/r/new-dsl.

To determine what is calling unitTestVariants, use -Pandroid.debug.obsoleteApi=true on the command line to display more information.
Add android.sync.suppressAgpWarnings=DEPRECATED_DSL to the gradle.properties file to suppress this warning.
w: ⚠️ Deprecated 'org.jetbrains.kotlin.android' plugin usage
The 'org.jetbrains.kotlin.android' plugin in project ':app' is no longer required for Kotlin support since AGP 9.0.
Solution: Remove both `android.builtInKotlin=true` and `android.newDsl=false` from `gradle.properties`, then migrate to built-in Kotlin.
See https://kotl.in/gradle/agp-built-in-kotlin for more details.


> Task :app:checkKotlinGradlePluginConfigurationErrors SKIPPED
> Task :app:preBuild UP-TO-DATE
> Task :app:preDebugBuild UP-TO-DATE
> Task :app:generateDebugBuildConfig
> Task :app:generateDebugResources UP-TO-DATE
> Task :app:packageDebugResources UP-TO-DATE
> Task :app:processDebugNavigationResources UP-TO-DATE
> Task :app:parseDebugLocalResources UP-TO-DATE
> Task :app:generateDebugRFile UP-TO-DATE
> Task :app:javaPreCompileDebug UP-TO-DATE
> Task :app:checkDebugAarMetadata UP-TO-DATE
> Task :app:mapDebugSourceSetPaths UP-TO-DATE
> Task :app:compileDebugNavigationResources UP-TO-DATE
> Task :app:mergeDebugResources UP-TO-DATE
> Task :app:createDebugCompatibleScreenManifests
> Task :app:extractDeepLinksDebug UP-TO-DATE
> Task :app:processDebugMainManifest
> Task :app:processDebugManifest
> Task :app:preDebugUnitTestBuild UP-TO-DATE
> Task :app:javaPreCompileDebugUnitTest UP-TO-DATE
> Task :app:generateDebugAssets UP-TO-DATE
> Task :app:mergeDebugAssets UP-TO-DATE
> Task :app:mergeDebugUnitTestManifest
> Task :app:processDebugUnitTestManifest UP-TO-DATE
> Task :app:processDebugManifestForPackage
> Task :app:processDebugResources
> Task :app:packageDebugUnitTestForUnitTest
> Task :app:generateDebugUnitTestConfig
> Task :app:kspDebugKotlin
> Task :app:compileDebugKotlin
> Task :app:compileDebugJavaWithJavac
> Task :app:processDebugJavaRes UP-TO-DATE
> Task :app:bundleDebugClassesToRuntimeJar
> Task :app:bundleDebugClassesToCompileJar
> Task :app:kspDebugUnitTestKotlin
> Task :app:compileDebugUnitTestKotlin
w: file:///home/zynergy-labs/Zynergy/forager-wt/topo-night/app/src/test/java/com/zynergylabs/forager/app/data/backup/AndroidBackupNotifierTest.kt:75:26 'val isBroadcastIntent: Boolean' is deprecated. Deprecated in Java.
w: file:///home/zynergy-labs/Zynergy/forager-wt/topo-night/app/src/test/java/com/zynergylabs/forager/app/data/backup/AndroidBackupNotifierTest.kt:104:28 'val isActivityIntent: Boolean' is deprecated. Deprecated in Java.
w: file:///home/zynergy-labs/Zynergy/forager-wt/topo-night/app/src/test/java/com/zynergylabs/forager/app/data/repository/NetworkFixExclusionPerConsumerTest.kt:89:21 This declaration needs opt-in. Its usage should be marked with '@kotlinx.coroutines.ExperimentalCoroutinesApi' or '@OptIn(kotlinx.coroutines.ExperimentalCoroutinesApi::class)'
w: file:///home/zynergy-labs/Zynergy/forager-wt/topo-night/app/src/test/java/com/zynergylabs/forager/app/data/repository/NetworkFixExclusionPerConsumerTest.kt:100:21 This declaration needs opt-in. Its usage should be marked with '@kotlinx.coroutines.ExperimentalCoroutinesApi' or '@OptIn(kotlinx.coroutines.ExperimentalCoroutinesApi::class)'
w: file:///home/zynergy-labs/Zynergy/forager-wt/topo-night/app/src/test/java/com/zynergylabs/forager/app/data/repository/NetworkFixExclusionPerConsumerTest.kt:307:13 This declaration needs opt-in. Its usage should be marked with '@kotlinx.coroutines.ExperimentalCoroutinesApi' or '@OptIn(kotlinx.coroutines.ExperimentalCoroutinesApi::class)'
w: file:///home/zynergy-labs/Zynergy/forager-wt/topo-night/app/src/test/java/com/zynergylabs/forager/app/data/repository/NetworkFixExclusionPerConsumerTest.kt:309:13 This declaration needs opt-in. Its usage should be marked with '@kotlinx.coroutines.ExperimentalCoroutinesApi' or '@OptIn(kotlinx.coroutines.ExperimentalCoroutinesApi::class)'
w: file:///home/zynergy-labs/Zynergy/forager-wt/topo-night/app/src/test/java/com/zynergylabs/forager/app/data/repository/NetworkFixExclusionPerConsumerTest.kt:310:13 This declaration needs opt-in. Its usage should be marked with '@kotlinx.coroutines.ExperimentalCoroutinesApi' or '@OptIn(kotlinx.coroutines.ExperimentalCoroutinesApi::class)'
w: file:///home/zynergy-labs/Zynergy/forager-wt/topo-night/app/src/test/java/com/zynergylabs/forager/app/domain/GpxCodecTest.kt:42:33 Unnecessary non-null assertion (!!) on a non-null receiver of type 'Track'.
w: file:///home/zynergy-labs/Zynergy/forager-wt/topo-night/app/src/test/java/com/zynergylabs/forager/app/domain/TrackSelfJoinTest.kt:615:18 Only safe (?.) or non-null asserted (!!.) calls are allowed on a nullable receiver of type 'Pair<Double, Int>?'.
w: file:///home/zynergy-labs/Zynergy/forager-wt/topo-night/app/src/test/java/com/zynergylabs/forager/app/domain/TrackSelfJoinTest.kt:615:21 Only safe (?.) or non-null asserted (!!.) calls are allowed on a nullable receiver of type 'Pair<Double, Int>?'.
w: file:///home/zynergy-labs/Zynergy/forager-wt/topo-night/app/src/test/java/com/zynergylabs/forager/app/location/AndroidLocationProviderTest.kt:84:35 'val requestLocationUpdateListeners: (Mutable)List<LocationListener!>!' is deprecated. Deprecated in Java.
w: file:///home/zynergy-labs/Zynergy/forager-wt/topo-night/app/src/test/java/com/zynergylabs/forager/app/location/AndroidLocationTrackerTest.kt:54:42 'val requestLocationUpdateListeners: (Mutable)List<LocationListener!>!' is deprecated. Deprecated in Java.
w: file:///home/zynergy-labs/Zynergy/forager-wt/topo-night/app/src/test/java/com/zynergylabs/forager/app/location/AndroidLocationTrackerTest.kt:67:9 This declaration needs opt-in. Its usage should be marked with '@kotlinx.coroutines.ExperimentalCoroutinesApi' or '@OptIn(kotlinx.coroutines.ExperimentalCoroutinesApi::class)'
w: file:///home/zynergy-labs/Zynergy/forager-wt/topo-night/app/src/test/java/com/zynergylabs/forager/app/location/AndroidLocationTrackerTest.kt:68:47 'val requestLocationUpdateListeners: (Mutable)List<LocationListener!>!' is deprecated. Deprecated in Java.
w: file:///home/zynergy-labs/Zynergy/forager-wt/topo-night/app/src/test/java/com/zynergylabs/forager/app/location/AndroidLocationTrackerTest.kt:97:9 This declaration needs opt-in. Its usage should be marked with '@kotlinx.coroutines.ExperimentalCoroutinesApi' or '@OptIn(kotlinx.coroutines.ExperimentalCoroutinesApi::class)'
w: file:///home/zynergy-labs/Zynergy/forager-wt/topo-night/app/src/test/java/com/zynergylabs/forager/app/location/AndroidLocationTrackerTest.kt:128:9 This declaration needs opt-in. Its usage should be marked with '@kotlinx.coroutines.ExperimentalCoroutinesApi' or '@OptIn(kotlinx.coroutines.ExperimentalCoroutinesApi::class)'
w: file:///home/zynergy-labs/Zynergy/forager-wt/topo-night/app/src/test/java/com/zynergylabs/forager/app/photo/CameraFlashSessionTest.kt:33:31 'fun <reified A : ComponentActivity> createAndroidComposeRule(effectContext: CoroutineContext = ...): AndroidComposeTestRule<ActivityScenarioRule<A>, A>' is deprecated. Use `androidx.compose.ui.test.junit4.v2.createAndroidComposeRule` instead. The v2 APIs use StandardTestDispatcher instead of UnconfinedTestDispatcher, which aligns with standard coroutine behavior by queuing tasks rather than executing them immediately. Tests relying on immediate execution may require explicit synchronization. Please refer to the migration guide for more details.
w: file:///home/zynergy-labs/Zynergy/forager-wt/topo-night/app/src/test/java/com/zynergylabs/forager/app/sensor/AndroidCompassProviderTest.kt:45:41 'static fun createSensorEvent(p0: Int, p1: Int): SensorEvent!' is deprecated. Deprecated in Java.
w: file:///home/zynergy-labs/Zynergy/forager-wt/topo-night/app/src/test/java/com/zynergylabs/forager/app/sensor/AndroidCompassProviderTest.kt:64:16 'fun addSensor(p0: Int, p1: Sensor!): Unit' is deprecated. Deprecated in Java.
w: file:///home/zynergy-labs/Zynergy/forager-wt/topo-night/app/src/test/java/com/zynergylabs/forager/app/sensor/AndroidCompassProviderTest.kt:80:16 'fun addSensor(p0: Int, p1: Sensor!): Unit' is deprecated. Deprecated in Java.
w: file:///home/zynergy-labs/Zynergy/forager-wt/topo-night/app/src/test/java/com/zynergylabs/forager/app/sensor/AndroidCompassProviderTest.kt:92:16 'fun addSensor(p0: Int, p1: Sensor!): Unit' is deprecated. Deprecated in Java.
w: file:///home/zynergy-labs/Zynergy/forager-wt/topo-night/app/src/test/java/com/zynergylabs/forager/app/sensor/AndroidCompassProviderTest.kt:108:16 'fun addSensor(p0: Int, p1: Sensor!): Unit' is deprecated. Deprecated in Java.
w: file:///home/zynergy-labs/Zynergy/forager-wt/topo-night/app/src/test/java/com/zynergylabs/forager/app/sensor/AndroidCompassProviderTest.kt:130:16 'fun addSensor(p0: Int, p1: Sensor!): Unit' is deprecated. Deprecated in Java.
w: file:///home/zynergy-labs/Zynergy/forager-wt/topo-night/app/src/test/java/com/zynergylabs/forager/app/sensor/AndroidCompassProviderTest.kt:131:16 'fun addSensor(p0: Int, p1: Sensor!): Unit' is deprecated. Deprecated in Java.
w: file:///home/zynergy-labs/Zynergy/forager-wt/topo-night/app/src/test/java/com/zynergylabs/forager/app/sensor/AndroidCompassProviderTest.kt:133:45 'static fun createSensorEvent(p0: Int, p1: Int): SensorEvent!' is deprecated. Deprecated in Java.
w: file:///home/zynergy-labs/Zynergy/forager-wt/topo-night/app/src/test/java/com/zynergylabs/forager/app/sensor/AndroidCompassProviderTest.kt:136:43 'static fun createSensorEvent(p0: Int, p1: Int): SensorEvent!' is deprecated. Deprecated in Java.
w: file:///home/zynergy-labs/Zynergy/forager-wt/topo-night/app/src/test/java/com/zynergylabs/forager/app/sensor/CameraLevelProviderTest.kt:46:32 This declaration needs opt-in. Its usage should be marked with '@kotlinx.coroutines.ExperimentalCoroutinesApi' or '@OptIn(kotlinx.coroutines.ExperimentalCoroutinesApi::class)'
w: file:///home/zynergy-labs/Zynergy/forager-wt/topo-night/app/src/test/java/com/zynergylabs/forager/app/sensor/CameraLevelProviderTest.kt:79:41 'static fun createSensorEvent(p0: Int, p1: Int): SensorEvent!' is deprecated. Deprecated in Java.
w: file:///home/zynergy-labs/Zynergy/forager-wt/topo-night/app/src/test/java/com/zynergylabs/forager/app/sensor/CameraLevelProviderTest.kt:91:16 'fun addSensor(p0: Int, p1: Sensor!): Unit' is deprecated. Deprecated in Java.
w: file:///home/zynergy-labs/Zynergy/forager-wt/topo-night/app/src/test/java/com/zynergylabs/forager/app/sensor/CameraLevelProviderTest.kt:93:48 This declaration needs opt-in. Its usage should be marked with '@kotlinx.coroutines.ExperimentalCoroutinesApi' or '@OptIn(kotlinx.coroutines.ExperimentalCoroutinesApi::class)'
w: file:///home/zynergy-labs/Zynergy/forager-wt/topo-night/app/src/test/java/com/zynergylabs/forager/app/service/TrackRecordingServiceTest.kt:150:120 'val isServiceIntent: Boolean' is deprecated. Deprecated in Java.
w: file:///home/zynergy-labs/Zynergy/forager-wt/topo-night/app/src/test/java/com/zynergylabs/forager/app/service/TrackRecordingServiceTest.kt:155:20 'fun withIntent(p0: Intent!): ServiceController<TrackRecordingService!>!' is deprecated. Deprecated in Java.
w: file:///home/zynergy-labs/Zynergy/forager-wt/topo-night/app/src/test/java/com/zynergylabs/forager/app/service/TrackRecordingServiceTest.kt:297:24 'fun withIntent(p0: Intent!): ServiceController<TrackRecordingService!>!' is deprecated. Deprecated in Java.
w: file:///home/zynergy-labs/Zynergy/forager-wt/topo-night/app/src/test/java/com/zynergylabs/forager/app/tools/GenerateFungiIndexDbAsset.kt:62:9 Only safe (?.) or non-null asserted (!!.) calls are allowed on a nullable receiver of type 'File?'.
w: file:///home/zynergy-labs/Zynergy/forager-wt/topo-night/app/src/test/java/com/zynergylabs/forager/app/ui/availability/AttributionClearOfLTest.kt:39:31 'fun <reified A : ComponentActivity> createAndroidComposeRule(effectContext: CoroutineContext = ...): AndroidComposeTestRule<ActivityScenarioRule<A>, A>' is deprecated. Use `androidx.compose.ui.test.junit4.v2.createAndroidComposeRule` instead. The v2 APIs use StandardTestDispatcher instead of UnconfinedTestDispatcher, which aligns with standard coroutine behavior by queuing tasks rather than executing them immediately. Tests relying on immediate execution may require explicit synchronization. Please refer to the migration guide for more details.
w: file:///home/zynergy-labs/Zynergy/forager-wt/topo-night/app/src/test/java/com/zynergylabs/forager/app/ui/availability/AvailabilityScreenAdaptiveLayoutTest.kt:71:31 'fun createComposeRule(effectContext: CoroutineContext = ...): ComposeContentTestRule' is deprecated. Use `androidx.compose.ui.test.junit4.v2.createComposeRule` instead. The v2 APIs use StandardTestDispatcher instead of UnconfinedTestDispatcher, which aligns with standard coroutine behavior by queuing tasks rather than executing them immediately. Tests relying on immediate execution may require explicit synchronization. Please refer to the migration guide for more details.
w: file:///home/zynergy-labs/Zynergy/forager-wt/topo-night/app/src/test/java/com/zynergylabs/forager/app/ui/availability/AvailabilityScreenAdaptiveLayoutTest.kt:187:31 'fun createComposeRule(effectContext: CoroutineContext = ...): ComposeContentTestRule' is deprecated. Use `androidx.compose.ui.test.junit4.v2.createComposeRule` instead. The v2 APIs use StandardTestDispatcher instead of UnconfinedTestDispatcher, which aligns with standard coroutine behavior by queuing tasks rather than executing them immediately. Tests relying on immediate execution may require explicit synchronization. Please refer to the migration guide for more details.
w: file:///home/zynergy-labs/Zynergy/forager-wt/topo-night/app/src/test/java/com/zynergylabs/forager/app/ui/availability/AvailabilityScreenBackNavigationTest.kt:120:31 'fun <reified A : ComponentActivity> createAndroidComposeRule(effectContext: CoroutineContext = ...): AndroidComposeTestRule<ActivityScenarioRule<A>, A>' is deprecated. Use `androidx.compose.ui.test.junit4.v2.createAndroidComposeRule` instead. The v2 APIs use StandardTestDispatcher instead of UnconfinedTestDispatcher, which aligns with standard coroutine behavior by queuing tasks rather than executing them immediately. Tests relying on immediate execution may require explicit synchronization. Please refer to the migration guide for more details.
w: file:///home/zynergy-labs/Zynergy/forager-wt/topo-night/app/src/test/java/com/zynergylabs/forager/app/ui/availability/AvailabilityScreenBubbleClearanceTest.kt:43:31 'fun <reified A : ComponentActivity> createAndroidComposeRule(effectContext: CoroutineContext = ...): AndroidComposeTestRule<ActivityScenarioRule<A>, A>' is deprecated. Use `androidx.compose.ui.test.junit4.v2.createAndroidComposeRule` instead. The v2 APIs use StandardTestDispatcher instead of UnconfinedTestDispatcher, which aligns with standard coroutine behavior by queuing tasks rather than executing them immediately. Tests relying on immediate execution may require explicit synchronization. Please refer to the migration guide for more details.
w: file:///home/zynergy-labs/Zynergy/forager-wt/topo-night/app/src/test/java/com/zynergylabs/forager/app/ui/availability/AvailabilityScreenConditionsMonthTest.kt:106:31 'fun createComposeRule(effectContext: CoroutineContext = ...): ComposeContentTestRule' is deprecated. Use `androidx.compose.ui.test.junit4.v2.createComposeRule` instead. The v2 APIs use StandardTestDispatcher instead of UnconfinedTestDispatcher, which aligns with standard coroutine behavior by queuing tasks rather than executing them immediately. Tests relying on immediate execution may require explicit synchronization. Please refer to the migration guide for more details.
w: file:///home/zynergy-labs/Zynergy/forager-wt/topo-night/app/src/test/java/com/zynergylabs/forager/app/ui/availability/AvailabilityScreenFanBackDrawerTest.kt:65:31 'fun <reified A : ComponentActivity> createAndroidComposeRule(effectContext: CoroutineContext = ...): AndroidComposeTestRule<ActivityScenarioRule<A>, A>' is deprecated. Use `androidx.compose.ui.test.junit4.v2.createAndroidComposeRule` instead. The v2 APIs use StandardTestDispatcher instead of UnconfinedTestDispatcher, which aligns with standard coroutine behavior by queuing tasks rather than executing them immediately. Tests relying on immediate execution may require explicit synchronization. Please refer to the migration guide for more details.
w: file:///home/zynergy-labs/Zynergy/forager-wt/topo-night/app/src/test/java/com/zynergylabs/forager/app/ui/availability/AvailabilityScreenFanBackOthersTest.kt:66:31 'fun <reified A : ComponentActivity> createAndroidComposeRule(effectContext: CoroutineContext = ...): AndroidComposeTestRule<ActivityScenarioRule<A>, A>' is deprecated. Use `androidx.compose.ui.test.junit4.v2.createAndroidComposeRule` instead. The v2 APIs use StandardTestDispatcher instead of UnconfinedTestDispatcher, which aligns with standard coroutine behavior by queuing tasks rather than executing them immediately. Tests relying on immediate execution may require explicit synchronization. Please refer to the migration guide for more details.
w: file:///home/zynergy-labs/Zynergy/forager-wt/topo-night/app/src/test/java/com/zynergylabs/forager/app/ui/availability/AvailabilityScreenFanBubbleDismissalTest.kt:68:31 'fun <reified A : ComponentActivity> createAndroidComposeRule(effectContext: CoroutineContext = ...): AndroidComposeTestRule<ActivityScenarioRule<A>, A>' is deprecated. Use `androidx.compose.ui.test.junit4.v2.createAndroidComposeRule` instead. The v2 APIs use StandardTestDispatcher instead of UnconfinedTestDispatcher, which aligns with standard coroutine behavior by queuing tasks rather than executing them immediately. Tests relying on immediate execution may require explicit synchronization. Please refer to the migration guide for more details.
w: file:///home/zynergy-labs/Zynergy/forager-wt/topo-night/app/src/test/java/com/zynergylabs/forager/app/ui/availability/AvailabilityScreenInAppCameraTest.kt:93:31 'fun <reified A : ComponentActivity> createAndroidComposeRule(effectContext: CoroutineContext = ...): AndroidComposeTestRule<ActivityScenarioRule<A>, A>' is deprecated. Use `androidx.compose.ui.test.junit4.v2.createAndroidComposeRule` instead. The v2 APIs use StandardTestDispatcher instead of UnconfinedTestDispatcher, which aligns with standard coroutine behavior by queuing tasks rather than executing them immediately. Tests relying on immediate execution may require explicit synchronization. Please refer to the migration guide for more details.
w: file:///home/zynergy-labs/Zynergy/forager-wt/topo-night/app/src/test/java/com/zynergylabs/forager/app/ui/availability/AvailabilityScreenJournalEntriesStateTest.kt:51:31 'fun <reified A : ComponentActivity> createAndroidComposeRule(effectContext: CoroutineContext = ...): AndroidComposeTestRule<ActivityScenarioRule<A>, A>' is deprecated. Use `androidx.compose.ui.test.junit4.v2.createAndroidComposeRule` instead. The v2 APIs use StandardTestDispatcher instead of UnconfinedTestDispatcher, which aligns with standard coroutine behavior by queuing tasks rather than executing them immediately. Tests relying on immediate execution may require explicit synchronization. Please refer to the migration guide for more details.
w: file:///home/zynergy-labs/Zynergy/forager-wt/topo-night/app/src/test/java/com/zynergylabs/forager/app/ui/availability/AvailabilityScreenJournalShortWindowTest.kt:79:31 'fun <reified A : ComponentActivity> createAndroidComposeRule(effectContext: CoroutineContext = ...): AndroidComposeTestRule<ActivityScenarioRule<A>, A>' is deprecated. Use `androidx.compose.ui.test.junit4.v2.createAndroidComposeRule` instead. The v2 APIs use StandardTestDispatcher instead of UnconfinedTestDispatcher, which aligns with standard coroutine behavior by queuing tasks rather than executing them immediately. Tests relying on immediate execution may require explicit synchronization. Please refer to the migration guide for more details.
w: file:///home/zynergy-labs/Zynergy/forager-wt/topo-night/app/src/test/java/com/zynergylabs/forager/app/ui/availability/AvailabilityScreenJournalStateTest.kt:50:31 'fun createComposeRule(effectContext: CoroutineContext = ...): ComposeContentTestRule' is deprecated. Use `androidx.compose.ui.test.junit4.v2.createComposeRule` instead. The v2 APIs use StandardTestDispatcher instead of UnconfinedTestDispatcher, which aligns with standard coroutine behavior by queuing tasks rather than executing them immediately. Tests relying on immediate execution may require explicit synchronization. Please refer to the migration guide for more details.
w: file:///home/zynergy-labs/Zynergy/forager-wt/topo-night/app/src/test/java/com/zynergylabs/forager/app/ui/availability/AvailabilityScreenLandscapeB2Test.kt:83:31 'fun createComposeRule(effectContext: CoroutineContext = ...): ComposeContentTestRule' is deprecated. Use `androidx.compose.ui.test.junit4.v2.createComposeRule` instead. The v2 APIs use StandardTestDispatcher instead of UnconfinedTestDispatcher, which aligns with standard coroutine behavior by queuing tasks rather than executing them immediately. Tests relying on immediate execution may require explicit synchronization. Please refer to the migration guide for more details.
w: file:///home/zynergy-labs/Zynergy/forager-wt/topo-night/app/src/test/java/com/zynergylabs/forager/app/ui/availability/AvailabilityScreenLandscapeB2Test.kt:593:31 'fun createComposeRule(effectContext: CoroutineContext = ...): ComposeContentTestRule' is deprecated. Use `androidx.compose.ui.test.junit4.v2.createComposeRule` instead. The v2 APIs use StandardTestDispatcher instead of UnconfinedTestDispatcher, which aligns with standard coroutine behavior by queuing tasks rather than executing them immediately. Tests relying on immediate execution may require explicit synchronization. Please refer to the migration guide for more details.
w: file:///home/zynergy-labs/Zynergy/forager-wt/topo-night/app/src/test/java/com/zynergylabs/forager/app/ui/availability/AvailabilityScreenLandscapeB2Test.kt:670:31 'fun createComposeRule(effectContext: CoroutineContext = ...): ComposeContentTestRule' is deprecated. Use `androidx.compose.ui.test.junit4.v2.createComposeRule` instead. The v2 APIs use StandardTestDispatcher instead of UnconfinedTestDispatcher, which aligns with standard coroutine behavior by queuing tasks rather than executing them immediately. Tests relying on immediate execution may require explicit synchronization. Please refer to the migration guide for more details.
w: file:///home/zynergy-labs/Zynergy/forager-wt/topo-night/app/src/test/java/com/zynergylabs/forager/app/ui/availability/AvailabilityScreenLandscapeB3DestinationsTest.kt:68:31 'fun createComposeRule(effectContext: CoroutineContext = ...): ComposeContentTestRule' is deprecated. Use `androidx.compose.ui.test.junit4.v2.createComposeRule` instead. The v2 APIs use StandardTestDispatcher instead of UnconfinedTestDispatcher, which aligns with standard coroutine behavior by queuing tasks rather than executing them immediately. Tests relying on immediate execution may require explicit synchronization. Please refer to the migration guide for more details.
w: file:///home/zynergy-labs/Zynergy/forager-wt/topo-night/app/src/test/java/com/zynergylabs/forager/app/ui/availability/AvailabilityScreenLayoutTest.kt:203:31 'fun <reified A : ComponentActivity> createAndroidComposeRule(effectContext: CoroutineContext = ...): AndroidComposeTestRule<ActivityScenarioRule<A>, A>' is deprecated. Use `androidx.compose.ui.test.junit4.v2.createAndroidComposeRule` instead. The v2 APIs use StandardTestDispatcher instead of UnconfinedTestDispatcher, which aligns with standard coroutine behavior by queuing tasks rather than executing them immediately. Tests relying on immediate execution may require explicit synchronization. Please refer to the migration guide for more details.
w: file:///home/zynergy-labs/Zynergy/forager-wt/topo-night/app/src/test/java/com/zynergylabs/forager/app/ui/availability/AvailabilityScreenListTabViewOnMapTest.kt:46:31 'fun <reified A : ComponentActivity> createAndroidComposeRule(effectContext: CoroutineContext = ...): AndroidComposeTestRule<ActivityScenarioRule<A>, A>' is deprecated. Use `androidx.compose.ui.test.junit4.v2.createAndroidComposeRule` instead. The v2 APIs use StandardTestDispatcher instead of UnconfinedTestDispatcher, which aligns with standard coroutine behavior by queuing tasks rather than executing them immediately. Tests relying on immediate execution may require explicit synchronization. Please refer to the migration guide for more details.
w: file:///home/zynergy-labs/Zynergy/forager-wt/topo-night/app/src/test/java/com/zynergylabs/forager/app/ui/availability/AvailabilityScreenMapBubblesTest.kt:282:31 'fun <reified A : ComponentActivity> createAndroidComposeRule(effectContext: CoroutineContext = ...): AndroidComposeTestRule<ActivityScenarioRule<A>, A>' is deprecated. Use `androidx.compose.ui.test.junit4.v2.createAndroidComposeRule` instead. The v2 APIs use StandardTestDispatcher instead of UnconfinedTestDispatcher, which aligns with standard coroutine behavior by queuing tasks rather than executing them immediately. Tests relying on immediate execution may require explicit synchronization. Please refer to the migration guide for more details.
w: file:///home/zynergy-labs/Zynergy/forager-wt/topo-night/app/src/test/java/com/zynergylabs/forager/app/ui/availability/AvailabilityScreenMapBubblesTest.kt:524:31 'fun <reified A : ComponentActivity> createAndroidComposeRule(effectContext: CoroutineContext = ...): AndroidComposeTestRule<ActivityScenarioRule<A>, A>' is deprecated. Use `androidx.compose.ui.test.junit4.v2.createAndroidComposeRule` instead. The v2 APIs use StandardTestDispatcher instead of UnconfinedTestDispatcher, which aligns with standard coroutine behavior by queuing tasks rather than executing them immediately. Tests relying on immediate execution may require explicit synchronization. Please refer to the migration guide for more details.
w: file:///home/zynergy-labs/Zynergy/forager-wt/topo-night/app/src/test/java/com/zynergylabs/forager/app/ui/availability/AvailabilityScreenMapBubblesTest.kt:566:31 'fun <reified A : ComponentActivity> createAndroidComposeRule(effectContext: CoroutineContext = ...): AndroidComposeTestRule<ActivityScenarioRule<A>, A>' is deprecated. Use `androidx.compose.ui.test.junit4.v2.createAndroidComposeRule` instead. The v2 APIs use StandardTestDispatcher instead of UnconfinedTestDispatcher, which aligns with standard coroutine behavior by queuing tasks rather than executing them immediately. Tests relying on immediate execution may require explicit synchronization. Please refer to the migration guide for more details.
w: file:///home/zynergy-labs/Zynergy/forager-wt/topo-night/app/src/test/java/com/zynergylabs/forager/app/ui/availability/AvailabilityScreenMapBubblesTest.kt:687:31 'fun <reified A : ComponentActivity> createAndroidComposeRule(effectContext: CoroutineContext = ...): AndroidComposeTestRule<ActivityScenarioRule<A>, A>' is deprecated. Use `androidx.compose.ui.test.junit4.v2.createAndroidComposeRule` instead. The v2 APIs use StandardTestDispatcher instead of UnconfinedTestDispatcher, which aligns with standard coroutine behavior by queuing tasks rather than executing them immediately. Tests relying on immediate execution may require explicit synchronization. Please refer to the migration guide for more details.
w: file:///home/zynergy-labs/Zynergy/forager-wt/topo-night/app/src/test/java/com/zynergylabs/forager/app/ui/availability/AvailabilityScreenMapIconStackTest.kt:150:31 'fun <reified A : ComponentActivity> createAndroidComposeRule(effectContext: CoroutineContext = ...): AndroidComposeTestRule<ActivityScenarioRule<A>, A>' is deprecated. Use `androidx.compose.ui.test.junit4.v2.createAndroidComposeRule` instead. The v2 APIs use StandardTestDispatcher instead of UnconfinedTestDispatcher, which aligns with standard coroutine behavior by queuing tasks rather than executing them immediately. Tests relying on immediate execution may require explicit synchronization. Please refer to the migration guide for more details.
w: file:///home/zynergy-labs/Zynergy/forager-wt/topo-night/app/src/test/java/com/zynergylabs/forager/app/ui/availability/AvailabilityScreenMapLayersTest.kt:120:31 'fun <reified A : ComponentActivity> createAndroidComposeRule(effectContext: CoroutineContext = ...): AndroidComposeTestRule<ActivityScenarioRule<A>, A>' is deprecated. Use `androidx.compose.ui.test.junit4.v2.createAndroidComposeRule` instead. The v2 APIs use StandardTestDispatcher instead of UnconfinedTestDispatcher, which aligns with standard coroutine behavior by queuing tasks rather than executing them immediately. Tests relying on immediate execution may require explicit synchronization. Please refer to the migration guide for more details.
w: file:///home/zynergy-labs/Zynergy/forager-wt/topo-night/app/src/test/java/com/zynergylabs/forager/app/ui/availability/AvailabilityScreenMapLayersTest.kt:425:31 'fun <reified A : ComponentActivity> createAndroidComposeRule(effectContext: CoroutineContext = ...): AndroidComposeTestRule<ActivityScenarioRule<A>, A>' is deprecated. Use `androidx.compose.ui.test.junit4.v2.createAndroidComposeRule` instead. The v2 APIs use StandardTestDispatcher instead of UnconfinedTestDispatcher, which aligns with standard coroutine behavior by queuing tasks rather than executing them immediately. Tests relying on immediate execution may require explicit synchronization. Please refer to the migration guide for more details.
w: file:///home/zynergy-labs/Zynergy/forager-wt/topo-night/app/src/test/java/com/zynergylabs/forager/app/ui/availability/AvailabilityScreenOfflineCacheTest.kt:62:31 'fun createComposeRule(effectContext: CoroutineContext = ...): ComposeContentTestRule' is deprecated. Use `androidx.compose.ui.test.junit4.v2.createComposeRule` instead. The v2 APIs use StandardTestDispatcher instead of UnconfinedTestDispatcher, which aligns with standard coroutine behavior by queuing tasks rather than executing them immediately. Tests relying on immediate execution may require explicit synchronization. Please refer to the migration guide for more details.
w: file:///home/zynergy-labs/Zynergy/forager-wt/topo-night/app/src/test/java/com/zynergylabs/forager/app/ui/availability/AvailabilityScreenPlannedTripsBeforeSearchTest.kt:58:31 'fun <reified A : ComponentActivity> createAndroidComposeRule(effectContext: CoroutineContext = ...): AndroidComposeTestRule<ActivityScenarioRule<A>, A>' is deprecated. Use `androidx.compose.ui.test.junit4.v2.createAndroidComposeRule` instead. The v2 APIs use StandardTestDispatcher instead of UnconfinedTestDispatcher, which aligns with standard coroutine behavior by queuing tasks rather than executing them immediately. Tests relying on immediate execution may require explicit synchronization. Please refer to the migration guide for more details.
w: file:///home/zynergy-labs/Zynergy/forager-wt/topo-night/app/src/test/java/com/zynergylabs/forager/app/ui/availability/AvailabilityScreenReturnToMapTest.kt:48:31 'fun <reified A : ComponentActivity> createAndroidComposeRule(effectContext: CoroutineContext = ...): AndroidComposeTestRule<ActivityScenarioRule<A>, A>' is deprecated. Use `androidx.compose.ui.test.junit4.v2.createAndroidComposeRule` instead. The v2 APIs use StandardTestDispatcher instead of UnconfinedTestDispatcher, which aligns with standard coroutine behavior by queuing tasks rather than executing them immediately. Tests relying on immediate execution may require explicit synchronization. Please refer to the migration guide for more details.
w: file:///home/zynergy-labs/Zynergy/forager-wt/topo-night/app/src/test/java/com/zynergylabs/forager/app/ui/availability/AvailabilityScreenSeasonalTabTest.kt:43:31 'fun createComposeRule(effectContext: CoroutineContext = ...): ComposeContentTestRule' is deprecated. Use `androidx.compose.ui.test.junit4.v2.createComposeRule` instead. The v2 APIs use StandardTestDispatcher instead of UnconfinedTestDispatcher, which aligns with standard coroutine behavior by queuing tasks rather than executing them immediately. Tests relying on immediate execution may require explicit synchronization. Please refer to the migration guide for more details.
w: file:///home/zynergy-labs/Zynergy/forager-wt/topo-night/app/src/test/java/com/zynergylabs/forager/app/ui/availability/AvailabilityScreenSettingsPanelTest.kt:104:31 'fun <reified A : ComponentActivity> createAndroidComposeRule(effectContext: CoroutineContext = ...): AndroidComposeTestRule<ActivityScenarioRule<A>, A>' is deprecated. Use `androidx.compose.ui.test.junit4.v2.createAndroidComposeRule` instead. The v2 APIs use StandardTestDispatcher instead of UnconfinedTestDispatcher, which aligns with standard coroutine behavior by queuing tasks rather than executing them immediately. Tests relying on immediate execution may require explicit synchronization. Please refer to the migration guide for more details.
w: file:///home/zynergy-labs/Zynergy/forager-wt/topo-night/app/src/test/java/com/zynergylabs/forager/app/ui/availability/AvailabilityScreenShortLandscapeTest.kt:94:31 'fun createComposeRule(effectContext: CoroutineContext = ...): ComposeContentTestRule' is deprecated. Use `androidx.compose.ui.test.junit4.v2.createComposeRule` instead. The v2 APIs use StandardTestDispatcher instead of UnconfinedTestDispatcher, which aligns with standard coroutine behavior by queuing tasks rather than executing them immediately. Tests relying on immediate execution may require explicit synchronization. Please refer to the migration guide for more details.
w: file:///home/zynergy-labs/Zynergy/forager-wt/topo-night/app/src/test/java/com/zynergylabs/forager/app/ui/availability/AvailabilityScreenShortLandscapeTest.kt:429:31 'fun createComposeRule(effectContext: CoroutineContext = ...): ComposeContentTestRule' is deprecated. Use `androidx.compose.ui.test.junit4.v2.createComposeRule` instead. The v2 APIs use StandardTestDispatcher instead of UnconfinedTestDispatcher, which aligns with standard coroutine behavior by queuing tasks rather than executing them immediately. Tests relying on immediate execution may require explicit synchronization. Please refer to the migration guide for more details.
w: file:///home/zynergy-labs/Zynergy/forager-wt/topo-night/app/src/test/java/com/zynergylabs/forager/app/ui/availability/AvailabilityScreenShortLandscapeTest.kt:497:31 'fun createComposeRule(effectContext: CoroutineContext = ...): ComposeContentTestRule' is deprecated. Use `androidx.compose.ui.test.junit4.v2.createComposeRule` instead. The v2 APIs use StandardTestDispatcher instead of UnconfinedTestDispatcher, which aligns with standard coroutine behavior by queuing tasks rather than executing them immediately. Tests relying on immediate execution may require explicit synchronization. Please refer to the migration guide for more details.
w: file:///home/zynergy-labs/Zynergy/forager-wt/topo-night/app/src/test/java/com/zynergylabs/forager/app/ui/availability/AvailabilityScreenTabletAsPhoneTest.kt:74:31 'fun <reified A : ComponentActivity> createAndroidComposeRule(effectContext: CoroutineContext = ...): AndroidComposeTestRule<ActivityScenarioRule<A>, A>' is deprecated. Use `androidx.compose.ui.test.junit4.v2.createAndroidComposeRule` instead. The v2 APIs use StandardTestDispatcher instead of UnconfinedTestDispatcher, which aligns with standard coroutine behavior by queuing tasks rather than executing them immediately. Tests relying on immediate execution may require explicit synchronization. Please refer to the migration guide for more details.
w: file:///home/zynergy-labs/Zynergy/forager-wt/topo-night/app/src/test/java/com/zynergylabs/forager/app/ui/availability/AvailabilityScreenTripPlanningFlowTest.kt:101:31 'fun createComposeRule(effectContext: CoroutineContext = ...): ComposeContentTestRule' is deprecated. Use `androidx.compose.ui.test.junit4.v2.createComposeRule` instead. The v2 APIs use StandardTestDispatcher instead of UnconfinedTestDispatcher, which aligns with standard coroutine behavior by queuing tasks rather than executing them immediately. Tests relying on immediate execution may require explicit synchronization. Please refer to the migration guide for more details.
w: file:///home/zynergy-labs/Zynergy/forager-wt/topo-night/app/src/test/java/com/zynergylabs/forager/app/ui/availability/AvailabilityScreenWaypointFlowTest.kt:106:31 'fun createComposeRule(effectContext: CoroutineContext = ...): ComposeContentTestRule' is deprecated. Use `androidx.compose.ui.test.junit4.v2.createComposeRule` instead. The v2 APIs use StandardTestDispatcher instead of UnconfinedTestDispatcher, which aligns with standard coroutine behavior by queuing tasks rather than executing them immediately. Tests relying on immediate execution may require explicit synchronization. Please refer to the migration guide for more details.
w: file:///home/zynergy-labs/Zynergy/forager-wt/topo-night/app/src/test/java/com/zynergylabs/forager/app/ui/availability/AvailabilitySearchSummaryCopyTest.kt:94:31 'fun createComposeRule(effectContext: CoroutineContext = ...): ComposeContentTestRule' is deprecated. Use `androidx.compose.ui.test.junit4.v2.createComposeRule` instead. The v2 APIs use StandardTestDispatcher instead of UnconfinedTestDispatcher, which aligns with standard coroutine behavior by queuing tasks rather than executing them immediately. Tests relying on immediate execution may require explicit synchronization. Please refer to the migration guide for more details.
w: file:///home/zynergy-labs/Zynergy/forager-wt/topo-night/app/src/test/java/com/zynergylabs/forager/app/ui/availability/AvailabilitySearchSummaryCopyTest.kt:139:31 'fun createComposeRule(effectContext: CoroutineContext = ...): ComposeContentTestRule' is deprecated. Use `androidx.compose.ui.test.junit4.v2.createComposeRule` instead. The v2 APIs use StandardTestDispatcher instead of UnconfinedTestDispatcher, which aligns with standard coroutine behavior by queuing tasks rather than executing them immediately. Tests relying on immediate execution may require explicit synchronization. Please refer to the migration guide for more details.
w: file:///home/zynergy-labs/Zynergy/forager-wt/topo-night/app/src/test/java/com/zynergylabs/forager/app/ui/availability/AvailabilitySearchSummaryCopyTest.kt:167:31 'fun createComposeRule(effectContext: CoroutineContext = ...): ComposeContentTestRule' is deprecated. Use `androidx.compose.ui.test.junit4.v2.createComposeRule` instead. The v2 APIs use StandardTestDispatcher instead of UnconfinedTestDispatcher, which aligns with standard coroutine behavior by queuing tasks rather than executing them immediately. Tests relying on immediate execution may require explicit synchronization. Please refer to the migration guide for more details.
w: file:///home/zynergy-labs/Zynergy/forager-wt/topo-night/app/src/test/java/com/zynergylabs/forager/app/ui/availability/AvailabilityViewModelDistanceUnitTest.kt:77:31 This declaration needs opt-in. Its usage should be marked with '@kotlinx.coroutines.ExperimentalCoroutinesApi' or '@OptIn(kotlinx.coroutines.ExperimentalCoroutinesApi::class)'
w: file:///home/zynergy-labs/Zynergy/forager-wt/topo-night/app/src/test/java/com/zynergylabs/forager/app/ui/availability/AvailabilityViewModelDistanceUnitTest.kt:80:34 This declaration needs opt-in. Its usage should be marked with '@kotlinx.coroutines.ExperimentalCoroutinesApi' or '@OptIn(kotlinx.coroutines.ExperimentalCoroutinesApi::class)'
w: file:///home/zynergy-labs/Zynergy/forager-wt/topo-night/app/src/test/java/com/zynergylabs/forager/app/ui/availability/AvailabilityViewModelDistanceUnitTest.kt:116:9 This declaration needs opt-in. Its usage should be marked with '@kotlinx.coroutines.ExperimentalCoroutinesApi' or '@OptIn(kotlinx.coroutines.ExperimentalCoroutinesApi::class)'
w: file:///home/zynergy-labs/Zynergy/forager-wt/topo-night/app/src/test/java/com/zynergylabs/forager/app/ui/availability/AvailabilityViewModelDistanceUnitTest.kt:125:9 This declaration needs opt-in. Its usage should be marked with '@kotlinx.coroutines.ExperimentalCoroutinesApi' or '@OptIn(kotlinx.coroutines.ExperimentalCoroutinesApi::class)'
w: file:///home/zynergy-labs/Zynergy/forager-wt/topo-night/app/src/test/java/com/zynergylabs/forager/app/ui/availability/AvailabilityViewModelDistanceUnitTest.kt:138:9 This declaration needs opt-in. Its usage should be marked with '@kotlinx.coroutines.ExperimentalCoroutinesApi' or '@OptIn(kotlinx.coroutines.ExperimentalCoroutinesApi::class)'
w: file:///home/zynergy-labs/Zynergy/forager-wt/topo-night/app/src/test/java/com/zynergylabs/forager/app/ui/availability/AvailabilityViewModelDistanceUnitTest.kt:154:9 This declaration needs opt-in. Its usage should be marked with '@kotlinx.coroutines.ExperimentalCoroutinesApi' or '@OptIn(kotlinx.coroutines.ExperimentalCoroutinesApi::class)'
w: file:///home/zynergy-labs/Zynergy/forager-wt/topo-night/app/src/test/java/com/zynergylabs/forager/app/ui/availability/AvailabilityViewModelDistanceUnitTest.kt:159:9 This declaration needs opt-in. Its usage should be marked with '@kotlinx.coroutines.ExperimentalCoroutinesApi' or '@OptIn(kotlinx.coroutines.ExperimentalCoroutinesApi::class)'
w: file:///home/zynergy-labs/Zynergy/forager-wt/topo-night/app/src/test/java/com/zynergylabs/forager/app/ui/availability/AvailabilityViewModelDistanceUnitTest.kt:168:9 This declaration needs opt-in. Its usage should be marked with '@kotlinx.coroutines.ExperimentalCoroutinesApi' or '@OptIn(kotlinx.coroutines.ExperimentalCoroutinesApi::class)'
w: file:///home/zynergy-labs/Zynergy/forager-wt/topo-night/app/src/test/java/com/zynergylabs/forager/app/ui/availability/AvailabilityViewModelDistanceUnitTest.kt:182:9 This declaration needs opt-in. Its usage should be marked with '@kotlinx.coroutines.ExperimentalCoroutinesApi' or '@OptIn(kotlinx.coroutines.ExperimentalCoroutinesApi::class)'
w: file:///home/zynergy-labs/Zynergy/forager-wt/topo-night/app/src/test/java/com/zynergylabs/forager/app/ui/availability/AvailabilityViewModelDistanceUnitTest.kt:194:9 This declaration needs opt-in. Its usage should be marked with '@kotlinx.coroutines.ExperimentalCoroutinesApi' or '@OptIn(kotlinx.coroutines.ExperimentalCoroutinesApi::class)'
w: file:///home/zynergy-labs/Zynergy/forager-wt/topo-night/app/src/test/java/com/zynergylabs/forager/app/ui/availability/AvailabilityViewModelDistanceUnitTest.kt:197:9 This declaration needs opt-in. Its usage should be marked with '@kotlinx.coroutines.ExperimentalCoroutinesApi' or '@OptIn(kotlinx.coroutines.ExperimentalCoroutinesApi::class)'
w: file:///home/zynergy-labs/Zynergy/forager-wt/topo-night/app/src/test/java/com/zynergylabs/forager/app/ui/availability/AvailabilityViewModelFilterTest.kt:228:31 This declaration needs opt-in. Its usage should be marked with '@kotlinx.coroutines.ExperimentalCoroutinesApi' or '@OptIn(kotlinx.coroutines.ExperimentalCoroutinesApi::class)'
w: file:///home/zynergy-labs/Zynergy/forager-wt/topo-night/app/src/test/java/com/zynergylabs/forager/app/ui/availability/AvailabilityViewModelFilterTest.kt:231:34 This declaration needs opt-in. Its usage should be marked with '@kotlinx.coroutines.ExperimentalCoroutinesApi' or '@OptIn(kotlinx.coroutines.ExperimentalCoroutinesApi::class)'
w: file:///home/zynergy-labs/Zynergy/forager-wt/topo-night/app/src/test/java/com/zynergylabs/forager/app/ui/availability/AvailabilityViewModelFilterTest.kt:282:9 This declaration needs opt-in. Its usage should be marked with '@kotlinx.coroutines.ExperimentalCoroutinesApi' or '@OptIn(kotlinx.coroutines.ExperimentalCoroutinesApi::class)'
w: file:///home/zynergy-labs/Zynergy/forager-wt/topo-night/app/src/test/java/com/zynergylabs/forager/app/ui/availability/AvailabilityViewModelFilterTest.kt:301:9 This declaration needs opt-in. Its usage should be marked with '@kotlinx.coroutines.ExperimentalCoroutinesApi' or '@OptIn(kotlinx.coroutines.ExperimentalCoroutinesApi::class)'
w: file:///home/zynergy-labs/Zynergy/forager-wt/topo-night/app/src/test/java/com/zynergylabs/forager/app/ui/availability/AvailabilityViewModelFilterTest.kt:316:9 This declaration needs opt-in. Its usage should be marked with '@kotlinx.coroutines.ExperimentalCoroutinesApi' or '@OptIn(kotlinx.coroutines.ExperimentalCoroutinesApi::class)'
w: file:///home/zynergy-labs/Zynergy/forager-wt/topo-night/app/src/test/java/com/zynergylabs/forager/app/ui/availability/AvailabilityViewModelFilterTest.kt:318:9 This declaration needs opt-in. Its usage should be marked with '@kotlinx.coroutines.ExperimentalCoroutinesApi' or '@OptIn(kotlinx.coroutines.ExperimentalCoroutinesApi::class)'
w: file:///home/zynergy-labs/Zynergy/forager-wt/topo-night/app/src/test/java/com/zynergylabs/forager/app/ui/availability/AvailabilityViewModelLiveFixTest.kt:78:31 This declaration needs opt-in. Its usage should be marked with '@kotlinx.coroutines.ExperimentalCoroutinesApi' or '@OptIn(kotlinx.coroutines.ExperimentalCoroutinesApi::class)'
w: file:///home/zynergy-labs/Zynergy/forager-wt/topo-night/app/src/test/java/com/zynergylabs/forager/app/ui/availability/AvailabilityViewModelLiveFixTest.kt:81:34 This declaration needs opt-in. Its usage should be marked with '@kotlinx.coroutines.ExperimentalCoroutinesApi' or '@OptIn(kotlinx.coroutines.ExperimentalCoroutinesApi::class)'
w: file:///home/zynergy-labs/Zynergy/forager-wt/topo-night/app/src/test/java/com/zynergylabs/forager/app/ui/availability/AvailabilityViewModelLiveFixTest.kt:131:9 This declaration needs opt-in. Its usage should be marked with '@kotlinx.coroutines.ExperimentalCoroutinesApi' or '@OptIn(kotlinx.coroutines.ExperimentalCoroutinesApi::class)'
w: file:///home/zynergy-labs/Zynergy/forager-wt/topo-night/app/src/test/java/com/zynergylabs/forager/app/ui/availability/AvailabilityViewModelLiveFixTest.kt:134:9 This declaration needs opt-in. Its usage should be marked with '@kotlinx.coroutines.ExperimentalCoroutinesApi' or '@OptIn(kotlinx.coroutines.ExperimentalCoroutinesApi::class)'
w: file:///home/zynergy-labs/Zynergy/forager-wt/topo-night/app/src/test/java/com/zynergylabs/forager/app/ui/availability/AvailabilityViewModelLiveFixTest.kt:148:9 This declaration needs opt-in. Its usage should be marked with '@kotlinx.coroutines.ExperimentalCoroutinesApi' or '@OptIn(kotlinx.coroutines.ExperimentalCoroutinesApi::class)'
w: file:///home/zynergy-labs/Zynergy/forager-wt/topo-night/app/src/test/java/com/zynergylabs/forager/app/ui/availability/AvailabilityViewModelLiveFixTest.kt:150:9 This declaration needs opt-in. Its usage should be marked with '@kotlinx.coroutines.ExperimentalCoroutinesApi' or '@OptIn(kotlinx.coroutines.ExperimentalCoroutinesApi::class)'
w: file:///home/zynergy-labs/Zynergy/forager-wt/topo-night/app/src/test/java/com/zynergylabs/forager/app/ui/availability/AvailabilityViewModelLiveFixTest.kt:169:9 This declaration needs opt-in. Its usage should be marked with '@kotlinx.coroutines.ExperimentalCoroutinesApi' or '@OptIn(kotlinx.coroutines.ExperimentalCoroutinesApi::class)'
w: file:///home/zynergy-labs/Zynergy/forager-wt/topo-night/app/src/test/java/com/zynergylabs/forager/app/ui/availability/AvailabilityViewModelLiveFixTest.kt:172:9 This declaration needs opt-in. Its usage should be marked with '@kotlinx.coroutines.ExperimentalCoroutinesApi' or '@OptIn(kotlinx.coroutines.ExperimentalCoroutinesApi::class)'
w: file:///home/zynergy-labs/Zynergy/forager-wt/topo-night/app/src/test/java/com/zynergylabs/forager/app/ui/availability/AvailabilityViewModelLiveFixTest.kt:174:9 This declaration needs opt-in. Its usage should be marked with '@kotlinx.coroutines.ExperimentalCoroutinesApi' or '@OptIn(kotlinx.coroutines.ExperimentalCoroutinesApi::class)'
w: file:///home/zynergy-labs/Zynergy/forager-wt/topo-night/app/src/test/java/com/zynergylabs/forager/app/ui/availability/AvailabilityViewModelLiveFixTest.kt:188:9 This declaration needs opt-in. Its usage should be marked with '@kotlinx.coroutines.ExperimentalCoroutinesApi' or '@OptIn(kotlinx.coroutines.ExperimentalCoroutinesApi::class)'
w: file:///home/zynergy-labs/Zynergy/forager-wt/topo-night/app/src/test/java/com/zynergylabs/forager/app/ui/availability/AvailabilityViewModelLiveFixTest.kt:191:9 This declaration needs opt-in. Its usage should be marked with '@kotlinx.coroutines.ExperimentalCoroutinesApi' or '@OptIn(kotlinx.coroutines.ExperimentalCoroutinesApi::class)'
w: file:///home/zynergy-labs/Zynergy/forager-wt/topo-night/app/src/test/java/com/zynergylabs/forager/app/ui/availability/AvailabilityViewModelLiveFixTest.kt:195:9 This declaration needs opt-in. Its usage should be marked with '@kotlinx.coroutines.ExperimentalCoroutinesApi' or '@OptIn(kotlinx.coroutines.ExperimentalCoroutinesApi::class)'
w: file:///home/zynergy-labs/Zynergy/forager-wt/topo-night/app/src/test/java/com/zynergylabs/forager/app/ui/availability/AvailabilityViewModelLiveFixTest.kt:204:9 This declaration needs opt-in. Its usage should be marked with '@kotlinx.coroutines.ExperimentalCoroutinesApi' or '@OptIn(kotlinx.coroutines.ExperimentalCoroutinesApi::class)'
w: file:///home/zynergy-labs/Zynergy/forager-wt/topo-night/app/src/test/java/com/zynergylabs/forager/app/ui/availability/AvailabilityViewModelLiveFixTest.kt:207:9 This declaration needs opt-in. Its usage should be marked with '@kotlinx.coroutines.ExperimentalCoroutinesApi' or '@OptIn(kotlinx.coroutines.ExperimentalCoroutinesApi::class)'
w: file:///home/zynergy-labs/Zynergy/forager-wt/topo-night/app/src/test/java/com/zynergylabs/forager/app/ui/availability/AvailabilityViewModelLiveFixTest.kt:211:9 This declaration needs opt-in. Its usage should be marked with '@kotlinx.coroutines.ExperimentalCoroutinesApi' or '@OptIn(kotlinx.coroutines.ExperimentalCoroutinesApi::class)'
w: file:///home/zynergy-labs/Zynergy/forager-wt/topo-night/app/src/test/java/com/zynergylabs/forager/app/ui/availability/AvailabilityViewModelLiveFixTest.kt:218:9 This declaration needs opt-in. Its usage should be marked with '@kotlinx.coroutines.ExperimentalCoroutinesApi' or '@OptIn(kotlinx.coroutines.ExperimentalCoroutinesApi::class)'
w: file:///home/zynergy-labs/Zynergy/forager-wt/topo-night/app/src/test/java/com/zynergylabs/forager/app/ui/availability/AvailabilityViewModelLiveFixTest.kt:235:9 This declaration needs opt-in. Its usage should be marked with '@kotlinx.coroutines.ExperimentalCoroutinesApi' or '@OptIn(kotlinx.coroutines.ExperimentalCoroutinesApi::class)'
w: file:///home/zynergy-labs/Zynergy/forager-wt/topo-night/app/src/test/java/com/zynergylabs/forager/app/ui/availability/AvailabilityViewModelLiveFixTest.kt:242:9 This declaration needs opt-in. Its usage should be marked with '@kotlinx.coroutines.ExperimentalCoroutinesApi' or '@OptIn(kotlinx.coroutines.ExperimentalCoroutinesApi::class)'
w: file:///home/zynergy-labs/Zynergy/forager-wt/topo-night/app/src/test/java/com/zynergylabs/forager/app/ui/availability/AvailabilityViewModelLiveFixTest.kt:244:9 This declaration needs opt-in. Its usage should be marked with '@kotlinx.coroutines.ExperimentalCoroutinesApi' or '@OptIn(kotlinx.coroutines.ExperimentalCoroutinesApi::class)'
w: file:///home/zynergy-labs/Zynergy/forager-wt/topo-night/app/src/test/java/com/zynergylabs/forager/app/ui/availability/AvailabilityViewModelLiveFixTest.kt:256:9 This declaration needs opt-in. Its usage should be marked with '@kotlinx.coroutines.ExperimentalCoroutinesApi' or '@OptIn(kotlinx.coroutines.ExperimentalCoroutinesApi::class)'
w: file:///home/zynergy-labs/Zynergy/forager-wt/topo-night/app/src/test/java/com/zynergylabs/forager/app/ui/availability/AvailabilityViewModelLiveFixTest.kt:262:9 This declaration needs opt-in. Its usage should be marked with '@kotlinx.coroutines.ExperimentalCoroutinesApi' or '@OptIn(kotlinx.coroutines.ExperimentalCoroutinesApi::class)'
w: file:///home/zynergy-labs/Zynergy/forager-wt/topo-night/app/src/test/java/com/zynergylabs/forager/app/ui/availability/AvailabilityViewModelLiveFixTest.kt:264:9 This declaration needs opt-in. Its usage should be marked with '@kotlinx.coroutines.ExperimentalCoroutinesApi' or '@OptIn(kotlinx.coroutines.ExperimentalCoroutinesApi::class)'
w: file:///home/zynergy-labs/Zynergy/forager-wt/topo-night/app/src/test/java/com/zynergylabs/forager/app/ui/availability/AvailabilityViewModelLiveFixTest.kt:274:9 This declaration needs opt-in. Its usage should be marked with '@kotlinx.coroutines.ExperimentalCoroutinesApi' or '@OptIn(kotlinx.coroutines.ExperimentalCoroutinesApi::class)'
w: file:///home/zynergy-labs/Zynergy/forager-wt/topo-night/app/src/test/java/com/zynergylabs/forager/app/ui/availability/AvailabilityViewModelLiveFixTest.kt:277:9 This declaration needs opt-in. Its usage should be marked with '@kotlinx.coroutines.ExperimentalCoroutinesApi' or '@OptIn(kotlinx.coroutines.ExperimentalCoroutinesApi::class)'
w: file:///home/zynergy-labs/Zynergy/forager-wt/topo-night/app/src/test/java/com/zynergylabs/forager/app/ui/availability/AvailabilityViewModelLiveFixTest.kt:298:9 This declaration needs opt-in. Its usage should be marked with '@kotlinx.coroutines.ExperimentalCoroutinesApi' or '@OptIn(kotlinx.coroutines.ExperimentalCoroutinesApi::class)'
w: file:///home/zynergy-labs/Zynergy/forager-wt/topo-night/app/src/test/java/com/zynergylabs/forager/app/ui/availability/AvailabilityViewModelLiveFixTest.kt:302:9 This declaration needs opt-in. Its usage should be marked with '@kotlinx.coroutines.ExperimentalCoroutinesApi' or '@OptIn(kotlinx.coroutines.ExperimentalCoroutinesApi::class)'
w: file:///home/zynergy-labs/Zynergy/forager-wt/topo-night/app/src/test/java/com/zynergylabs/forager/app/ui/availability/AvailabilityViewModelLiveFixTest.kt:306:9 This declaration needs opt-in. Its usage should be marked with '@kotlinx.coroutines.ExperimentalCoroutinesApi' or '@OptIn(kotlinx.coroutines.ExperimentalCoroutinesApi::class)'
w: file:///home/zynergy-labs/Zynergy/forager-wt/topo-night/app/src/test/java/com/zynergylabs/forager/app/ui/availability/AvailabilityViewModelLiveFixTest.kt:319:9 This declaration needs opt-in. Its usage should be marked with '@kotlinx.coroutines.ExperimentalCoroutinesApi' or '@OptIn(kotlinx.coroutines.ExperimentalCoroutinesApi::class)'
w: file:///home/zynergy-labs/Zynergy/forager-wt/topo-night/app/src/test/java/com/zynergylabs/forager/app/ui/availability/AvailabilityViewModelLiveFixTest.kt:321:9 This declaration needs opt-in. Its usage should be marked with '@kotlinx.coroutines.ExperimentalCoroutinesApi' or '@OptIn(kotlinx.coroutines.ExperimentalCoroutinesApi::class)'
w: file:///home/zynergy-labs/Zynergy/forager-wt/topo-night/app/src/test/java/com/zynergylabs/forager/app/ui/availability/AvailabilityViewModelLiveFixTest.kt:325:9 This declaration needs opt-in. Its usage should be marked with '@kotlinx.coroutines.ExperimentalCoroutinesApi' or '@OptIn(kotlinx.coroutines.ExperimentalCoroutinesApi::class)'
w: file:///home/zynergy-labs/Zynergy/forager-wt/topo-night/app/src/test/java/com/zynergylabs/forager/app/ui/availability/AvailabilityViewModelLocateMeTest.kt:75:31 This declaration needs opt-in. Its usage should be marked with '@kotlinx.coroutines.ExperimentalCoroutinesApi' or '@OptIn(kotlinx.coroutines.ExperimentalCoroutinesApi::class)'
w: file:///home/zynergy-labs/Zynergy/forager-wt/topo-night/app/src/test/java/com/zynergylabs/forager/app/ui/availability/AvailabilityViewModelLocateMeTest.kt:78:34 This declaration needs opt-in. Its usage should be marked with '@kotlinx.coroutines.ExperimentalCoroutinesApi' or '@OptIn(kotlinx.coroutines.ExperimentalCoroutinesApi::class)'
w: file:///home/zynergy-labs/Zynergy/forager-wt/topo-night/app/src/test/java/com/zynergylabs/forager/app/ui/availability/AvailabilityViewModelLocateMeTest.kt:114:9 This declaration needs opt-in. Its usage should be marked with '@kotlinx.coroutines.ExperimentalCoroutinesApi' or '@OptIn(kotlinx.coroutines.ExperimentalCoroutinesApi::class)'
w: file:///home/zynergy-labs/Zynergy/forager-wt/topo-night/app/src/test/java/com/zynergylabs/forager/app/ui/availability/AvailabilityViewModelLocateMeTest.kt:125:9 This declaration needs opt-in. Its usage should be marked with '@kotlinx.coroutines.ExperimentalCoroutinesApi' or '@OptIn(kotlinx.coroutines.ExperimentalCoroutinesApi::class)'
w: file:///home/zynergy-labs/Zynergy/forager-wt/topo-night/app/src/test/java/com/zynergylabs/forager/app/ui/availability/AvailabilityViewModelLocateMeTest.kt:136:9 This declaration needs opt-in. Its usage should be marked with '@kotlinx.coroutines.ExperimentalCoroutinesApi' or '@OptIn(kotlinx.coroutines.ExperimentalCoroutinesApi::class)'
w: file:///home/zynergy-labs/Zynergy/forager-wt/topo-night/app/src/test/java/com/zynergylabs/forager/app/ui/availability/AvailabilityViewModelLocateMeTest.kt:148:9 This declaration needs opt-in. Its usage should be marked with '@kotlinx.coroutines.ExperimentalCoroutinesApi' or '@OptIn(kotlinx.coroutines.ExperimentalCoroutinesApi::class)'
w: file:///home/zynergy-labs/Zynergy/forager-wt/topo-night/app/src/test/java/com/zynergylabs/forager/app/ui/availability/AvailabilityViewModelLocateMeTest.kt:158:9 This declaration needs opt-in. Its usage should be marked with '@kotlinx.coroutines.ExperimentalCoroutinesApi' or '@OptIn(kotlinx.coroutines.ExperimentalCoroutinesApi::class)'
w: file:///home/zynergy-labs/Zynergy/forager-wt/topo-night/app/src/test/java/com/zynergylabs/forager/app/ui/availability/AvailabilityViewModelMapLayersTest.kt:88:31 This declaration needs opt-in. Its usage should be marked with '@kotlinx.coroutines.ExperimentalCoroutinesApi' or '@OptIn(kotlinx.coroutines.ExperimentalCoroutinesApi::class)'
w: file:///home/zynergy-labs/Zynergy/forager-wt/topo-night/app/src/test/java/com/zynergylabs/forager/app/ui/availability/AvailabilityViewModelMapLayersTest.kt:91:34 This declaration needs opt-in. Its usage should be marked with '@kotlinx.coroutines.ExperimentalCoroutinesApi' or '@OptIn(kotlinx.coroutines.ExperimentalCoroutinesApi::class)'
w: file:///home/zynergy-labs/Zynergy/forager-wt/topo-night/app/src/test/java/com/zynergylabs/forager/app/ui/availability/AvailabilityViewModelMapLayersTest.kt:145:9 This declaration needs opt-in. Its usage should be marked with '@kotlinx.coroutines.ExperimentalCoroutinesApi' or '@OptIn(kotlinx.coroutines.ExperimentalCoroutinesApi::class)'
w: file:///home/zynergy-labs/Zynergy/forager-wt/topo-night/app/src/test/java/com/zynergylabs/forager/app/ui/availability/AvailabilityViewModelMapLayersTest.kt:148:9 This declaration needs opt-in. Its usage should be marked with '@kotlinx.coroutines.ExperimentalCoroutinesApi' or '@OptIn(kotlinx.coroutines.ExperimentalCoroutinesApi::class)'
w: file:///home/zynergy-labs/Zynergy/forager-wt/topo-night/app/src/test/java/com/zynergylabs/forager/app/ui/availability/AvailabilityViewModelMapLayersTest.kt:163:9 This declaration needs opt-in. Its usage should be marked with '@kotlinx.coroutines.ExperimentalCoroutinesApi' or '@OptIn(kotlinx.coroutines.ExperimentalCoroutinesApi::class)'
w: file:///home/zynergy-labs/Zynergy/forager-wt/topo-night/app/src/test/java/com/zynergylabs/forager/app/ui/availability/AvailabilityViewModelMapLayersTest.kt:166:9 This declaration needs opt-in. Its usage should be marked with '@kotlinx.coroutines.ExperimentalCoroutinesApi' or '@OptIn(kotlinx.coroutines.ExperimentalCoroutinesApi::class)'
w: file:///home/zynergy-labs/Zynergy/forager-wt/topo-night/app/src/test/java/com/zynergylabs/forager/app/ui/availability/AvailabilityViewModelMapLayersTest.kt:168:9 This declaration needs opt-in. Its usage should be marked with '@kotlinx.coroutines.ExperimentalCoroutinesApi' or '@OptIn(kotlinx.coroutines.ExperimentalCoroutinesApi::class)'
w: file:///home/zynergy-labs/Zynergy/forager-wt/topo-night/app/src/test/java/com/zynergylabs/forager/app/ui/availability/AvailabilityViewModelMapLayersTest.kt:184:9 This declaration needs opt-in. Its usage should be marked with '@kotlinx.coroutines.ExperimentalCoroutinesApi' or '@OptIn(kotlinx.coroutines.ExperimentalCoroutinesApi::class)'
w: file:///home/zynergy-labs/Zynergy/forager-wt/topo-night/app/src/test/java/com/zynergylabs/forager/app/ui/availability/AvailabilityViewModelMapLayersTest.kt:197:9 This declaration needs opt-in. Its usage should be marked with '@kotlinx.coroutines.ExperimentalCoroutinesApi' or '@OptIn(kotlinx.coroutines.ExperimentalCoroutinesApi::class)'
w: file:///home/zynergy-labs/Zynergy/forager-wt/topo-night/app/src/test/java/com/zynergylabs/forager/app/ui/availability/AvailabilityViewModelMapLayersTest.kt:207:9 This declaration needs opt-in. Its usage should be marked with '@kotlinx.coroutines.ExperimentalCoroutinesApi' or '@OptIn(kotlinx.coroutines.ExperimentalCoroutinesApi::class)'
w: file:///home/zynergy-labs/Zynergy/forager-wt/topo-night/app/src/test/java/com/zynergylabs/forager/app/ui/availability/AvailabilityViewModelMapLayersTest.kt:216:9 This declaration needs opt-in. Its usage should be marked with '@kotlinx.coroutines.ExperimentalCoroutinesApi' or '@OptIn(kotlinx.coroutines.ExperimentalCoroutinesApi::class)'
w: file:///home/zynergy-labs/Zynergy/forager-wt/topo-night/app/src/test/java/com/zynergylabs/forager/app/ui/availability/AvailabilityViewModelMapLayersTest.kt:229:9 This declaration needs opt-in. Its usage should be marked with '@kotlinx.coroutines.ExperimentalCoroutinesApi' or '@OptIn(kotlinx.coroutines.ExperimentalCoroutinesApi::class)'
w: file:///home/zynergy-labs/Zynergy/forager-wt/topo-night/app/src/test/java/com/zynergylabs/forager/app/ui/availability/AvailabilityViewModelMapLayersTest.kt:237:9 This declaration needs opt-in. Its usage should be marked with '@kotlinx.coroutines.ExperimentalCoroutinesApi' or '@OptIn(kotlinx.coroutines.ExperimentalCoroutinesApi::class)'
w: file:///home/zynergy-labs/Zynergy/forager-wt/topo-night/app/src/test/java/com/zynergylabs/forager/app/ui/availability/AvailabilityViewModelMapLayersTest.kt:240:9 This declaration needs opt-in. Its usage should be marked with '@kotlinx.coroutines.ExperimentalCoroutinesApi' or '@OptIn(kotlinx.coroutines.ExperimentalCoroutinesApi::class)'
w: file:///home/zynergy-labs/Zynergy/forager-wt/topo-night/app/src/test/java/com/zynergylabs/forager/app/ui/availability/AvailabilityViewModelMapLayersTest.kt:251:9 This declaration needs opt-in. Its usage should be marked with '@kotlinx.coroutines.ExperimentalCoroutinesApi' or '@OptIn(kotlinx.coroutines.ExperimentalCoroutinesApi::class)'
w: file:///home/zynergy-labs/Zynergy/forager-wt/topo-night/app/src/test/java/com/zynergylabs/forager/app/ui/availability/AvailabilityViewModelMapLayersTest.kt:254:9 This declaration needs opt-in. Its usage should be marked with '@kotlinx.coroutines.ExperimentalCoroutinesApi' or '@OptIn(kotlinx.coroutines.ExperimentalCoroutinesApi::class)'
w: file:///home/zynergy-labs/Zynergy/forager-wt/topo-night/app/src/test/java/com/zynergylabs/forager/app/ui/availability/AvailabilityViewModelMapLayersTest.kt:262:9 This declaration needs opt-in. Its usage should be marked with '@kotlinx.coroutines.ExperimentalCoroutinesApi' or '@OptIn(kotlinx.coroutines.ExperimentalCoroutinesApi::class)'
w: file:///home/zynergy-labs/Zynergy/forager-wt/topo-night/app/src/test/java/com/zynergylabs/forager/app/ui/availability/AvailabilityViewModelNightModeTest.kt:76:31 This declaration needs opt-in. Its usage should be marked with '@kotlinx.coroutines.ExperimentalCoroutinesApi' or '@OptIn(kotlinx.coroutines.ExperimentalCoroutinesApi::class)'
w: file:///home/zynergy-labs/Zynergy/forager-wt/topo-night/app/src/test/java/com/zynergylabs/forager/app/ui/availability/AvailabilityViewModelNightModeTest.kt:79:34 This declaration needs opt-in. Its usage should be marked with '@kotlinx.coroutines.ExperimentalCoroutinesApi' or '@OptIn(kotlinx.coroutines.ExperimentalCoroutinesApi::class)'
w: file:///home/zynergy-labs/Zynergy/forager-wt/topo-night/app/src/test/java/com/zynergylabs/forager/app/ui/availability/AvailabilityViewModelNightModeTest.kt:120:9 This declaration needs opt-in. Its usage should be marked with '@kotlinx.coroutines.ExperimentalCoroutinesApi' or '@OptIn(kotlinx.coroutines.ExperimentalCoroutinesApi::class)'
w: file:///home/zynergy-labs/Zynergy/forager-wt/topo-night/app/src/test/java/com/zynergylabs/forager/app/ui/availability/AvailabilityViewModelNightModeTest.kt:131:9 This declaration needs opt-in. Its usage should be marked with '@kotlinx.coroutines.ExperimentalCoroutinesApi' or '@OptIn(kotlinx.coroutines.ExperimentalCoroutinesApi::class)'
w: file:///home/zynergy-labs/Zynergy/forager-wt/topo-night/app/src/test/java/com/zynergylabs/forager/app/ui/availability/AvailabilityViewModelOfflineCacheTest.kt:185:31 This declaration needs opt-in. Its usage should be marked with '@kotlinx.coroutines.ExperimentalCoroutinesApi' or '@OptIn(kotlinx.coroutines.ExperimentalCoroutinesApi::class)'
w: file:///home/zynergy-labs/Zynergy/forager-wt/topo-night/app/src/test/java/com/zynergylabs/forager/app/ui/availability/AvailabilityViewModelOfflineCacheTest.kt:188:34 This declaration needs opt-in. Its usage should be marked with '@kotlinx.coroutines.ExperimentalCoroutinesApi' or '@OptIn(kotlinx.coroutines.ExperimentalCoroutinesApi::class)'
w: file:///home/zynergy-labs/Zynergy/forager-wt/topo-night/app/src/test/java/com/zynergylabs/forager/app/ui/availability/AvailabilityViewModelOfflineCacheTest.kt:226:9 This declaration needs opt-in. Its usage should be marked with '@kotlinx.coroutines.ExperimentalCoroutinesApi' or '@OptIn(kotlinx.coroutines.ExperimentalCoroutinesApi::class)'
w: file:///home/zynergy-labs/Zynergy/forager-wt/topo-night/app/src/test/java/com/zynergylabs/forager/app/ui/availability/AvailabilityViewModelOfflineCacheTest.kt:238:9 This declaration needs opt-in. Its usage should be marked with '@kotlinx.coroutines.ExperimentalCoroutinesApi' or '@OptIn(kotlinx.coroutines.ExperimentalCoroutinesApi::class)'
w: file:///home/zynergy-labs/Zynergy/forager-wt/topo-night/app/src/test/java/com/zynergylabs/forager/app/ui/availability/AvailabilityViewModelOfflineCacheTest.kt:246:9 This declaration needs opt-in. Its usage should be marked with '@kotlinx.coroutines.ExperimentalCoroutinesApi' or '@OptIn(kotlinx.coroutines.ExperimentalCoroutinesApi::class)'
w: file:///home/zynergy-labs/Zynergy/forager-wt/topo-night/app/src/test/java/com/zynergylabs/forager/app/ui/availability/AvailabilityViewModelOfflineCacheTest.kt:264:13 This declaration needs opt-in. Its usage should be marked with '@kotlinx.coroutines.ExperimentalCoroutinesApi' or '@OptIn(kotlinx.coroutines.ExperimentalCoroutinesApi::class)'
w: file:///home/zynergy-labs/Zynergy/forager-wt/topo-night/app/src/test/java/com/zynergylabs/forager/app/ui/availability/AvailabilityViewModelOfflineCacheTest.kt:287:9 This declaration needs opt-in. Its usage should be marked with '@kotlinx.coroutines.ExperimentalCoroutinesApi' or '@OptIn(kotlinx.coroutines.ExperimentalCoroutinesApi::class)'
w: file:///home/zynergy-labs/Zynergy/forager-wt/topo-night/app/src/test/java/com/zynergylabs/forager/app/ui/availability/AvailabilityViewModelOfflineCacheTest.kt:302:9 This declaration needs opt-in. Its usage should be marked with '@kotlinx.coroutines.ExperimentalCoroutinesApi' or '@OptIn(kotlinx.coroutines.ExperimentalCoroutinesApi::class)'
w: file:///home/zynergy-labs/Zynergy/forager-wt/topo-night/app/src/test/java/com/zynergylabs/forager/app/ui/availability/AvailabilityViewModelOfflineCacheTest.kt:305:9 This declaration needs opt-in. Its usage should be marked with '@kotlinx.coroutines.ExperimentalCoroutinesApi' or '@OptIn(kotlinx.coroutines.ExperimentalCoroutinesApi::class)'
w: file:///home/zynergy-labs/Zynergy/forager-wt/topo-night/app/src/test/java/com/zynergylabs/forager/app/ui/availability/AvailabilityViewModelOfflineCacheTest.kt:310:9 This declaration needs opt-in. Its usage should be marked with '@kotlinx.coroutines.ExperimentalCoroutinesApi' or '@OptIn(kotlinx.coroutines.ExperimentalCoroutinesApi::class)'
w: file:///home/zynergy-labs/Zynergy/forager-wt/topo-night/app/src/test/java/com/zynergylabs/forager/app/ui/availability/AvailabilityViewModelOfflineCacheTest.kt:321:9 This declaration needs opt-in. Its usage should be marked with '@kotlinx.coroutines.ExperimentalCoroutinesApi' or '@OptIn(kotlinx.coroutines.ExperimentalCoroutinesApi::class)'
w: file:///home/zynergy-labs/Zynergy/forager-wt/topo-night/app/src/test/java/com/zynergylabs/forager/app/ui/availability/AvailabilityViewModelOfflineCacheTest.kt:335:9 This declaration needs opt-in. Its usage should be marked with '@kotlinx.coroutines.ExperimentalCoroutinesApi' or '@OptIn(kotlinx.coroutines.ExperimentalCoroutinesApi::class)'
w: file:///home/zynergy-labs/Zynergy/forager-wt/topo-night/app/src/test/java/com/zynergylabs/forager/app/ui/availability/AvailabilityViewModelOfflineCacheTest.kt:343:9 This declaration needs opt-in. Its usage should be marked with '@kotlinx.coroutines.ExperimentalCoroutinesApi' or '@OptIn(kotlinx.coroutines.ExperimentalCoroutinesApi::class)'
w: file:///home/zynergy-labs/Zynergy/forager-wt/topo-night/app/src/test/java/com/zynergylabs/forager/app/ui/availability/AvailabilityViewModelOfflineCacheTest.kt:348:9 This declaration needs opt-in. Its usage should be marked with '@kotlinx.coroutines.ExperimentalCoroutinesApi' or '@OptIn(kotlinx.coroutines.ExperimentalCoroutinesApi::class)'
w: file:///home/zynergy-labs/Zynergy/forager-wt/topo-night/app/src/test/java/com/zynergylabs/forager/app/ui/availability/AvailabilityViewModelOfflineCacheTest.kt:374:9 This declaration needs opt-in. Its usage should be marked with '@kotlinx.coroutines.ExperimentalCoroutinesApi' or '@OptIn(kotlinx.coroutines.ExperimentalCoroutinesApi::class)'
w: file:///home/zynergy-labs/Zynergy/forager-wt/topo-night/app/src/test/java/com/zynergylabs/forager/app/ui/availability/AvailabilityViewModelOfflineCacheTest.kt:379:9 This declaration needs opt-in. Its usage should be marked with '@kotlinx.coroutines.ExperimentalCoroutinesApi' or '@OptIn(kotlinx.coroutines.ExperimentalCoroutinesApi::class)'
w: file:///home/zynergy-labs/Zynergy/forager-wt/topo-night/app/src/test/java/com/zynergylabs/forager/app/ui/availability/AvailabilityViewModelOfflineCacheTest.kt:385:9 This declaration needs opt-in. Its usage should be marked with '@kotlinx.coroutines.ExperimentalCoroutinesApi' or '@OptIn(kotlinx.coroutines.ExperimentalCoroutinesApi::class)'
w: file:///home/zynergy-labs/Zynergy/forager-wt/topo-night/app/src/test/java/com/zynergylabs/forager/app/ui/availability/AvailabilityViewModelOfflineMapsTest.kt:224:31 This declaration needs opt-in. Its usage should be marked with '@kotlinx.coroutines.ExperimentalCoroutinesApi' or '@OptIn(kotlinx.coroutines.ExperimentalCoroutinesApi::class)'
w: file:///home/zynergy-labs/Zynergy/forager-wt/topo-night/app/src/test/java/com/zynergylabs/forager/app/ui/availability/AvailabilityViewModelOfflineMapsTest.kt:227:34 This declaration needs opt-in. Its usage should be marked with '@kotlinx.coroutines.ExperimentalCoroutinesApi' or '@OptIn(kotlinx.coroutines.ExperimentalCoroutinesApi::class)'
w: file:///home/zynergy-labs/Zynergy/forager-wt/topo-night/app/src/test/java/com/zynergylabs/forager/app/ui/availability/AvailabilityViewModelOfflineMapsTest.kt:272:9 This declaration needs opt-in. Its usage should be marked with '@kotlinx.coroutines.ExperimentalCoroutinesApi' or '@OptIn(kotlinx.coroutines.ExperimentalCoroutinesApi::class)'
w: file:///home/zynergy-labs/Zynergy/forager-wt/topo-night/app/src/test/java/com/zynergylabs/forager/app/ui/availability/AvailabilityViewModelOfflineMapsTest.kt:281:9 This declaration needs opt-in. Its usage should be marked with '@kotlinx.coroutines.ExperimentalCoroutinesApi' or '@OptIn(kotlinx.coroutines.ExperimentalCoroutinesApi::class)'
w: file:///home/zynergy-labs/Zynergy/forager-wt/topo-night/app/src/test/java/com/zynergylabs/forager/app/ui/availability/AvailabilityViewModelOfflineMapsTest.kt:296:9 This declaration needs opt-in. Its usage should be marked with '@kotlinx.coroutines.ExperimentalCoroutinesApi' or '@OptIn(kotlinx.coroutines.ExperimentalCoroutinesApi::class)'
w: file:///home/zynergy-labs/Zynergy/forager-wt/topo-night/app/src/test/java/com/zynergylabs/forager/app/ui/availability/AvailabilityViewModelOfflineMapsTest.kt:308:9 This declaration needs opt-in. Its usage should be marked with '@kotlinx.coroutines.ExperimentalCoroutinesApi' or '@OptIn(kotlinx.coroutines.ExperimentalCoroutinesApi::class)'
w: file:///home/zynergy-labs/Zynergy/forager-wt/topo-night/app/src/test/java/com/zynergylabs/forager/app/ui/availability/AvailabilityViewModelOfflineMapsTest.kt:313:9 This declaration needs opt-in. Its usage should be marked with '@kotlinx.coroutines.ExperimentalCoroutinesApi' or '@OptIn(kotlinx.coroutines.ExperimentalCoroutinesApi::class)'
w: file:///home/zynergy-labs/Zynergy/forager-wt/topo-night/app/src/test/java/com/zynergylabs/forager/app/ui/availability/AvailabilityViewModelOfflineMapsTest.kt:325:9 This declaration needs opt-in. Its usage should be marked with '@kotlinx.coroutines.ExperimentalCoroutinesApi' or '@OptIn(kotlinx.coroutines.ExperimentalCoroutinesApi::class)'
w: file:///home/zynergy-labs/Zynergy/forager-wt/topo-night/app/src/test/java/com/zynergylabs/forager/app/ui/availability/AvailabilityViewModelOfflineMapsTest.kt:330:9 This declaration needs opt-in. Its usage should be marked with '@kotlinx.coroutines.ExperimentalCoroutinesApi' or '@OptIn(kotlinx.coroutines.ExperimentalCoroutinesApi::class)'
w: file:///home/zynergy-labs/Zynergy/forager-wt/topo-night/app/src/test/java/com/zynergylabs/forager/app/ui/availability/AvailabilityViewModelOfflineMapsTest.kt:343:9 This declaration needs opt-in. Its usage should be marked with '@kotlinx.coroutines.ExperimentalCoroutinesApi' or '@OptIn(kotlinx.coroutines.ExperimentalCoroutinesApi::class)'
w: file:///home/zynergy-labs/Zynergy/forager-wt/topo-night/app/src/test/java/com/zynergylabs/forager/app/ui/availability/AvailabilityViewModelOfflineMapsTest.kt:347:9 This declaration needs opt-in. Its usage should be marked with '@kotlinx.coroutines.ExperimentalCoroutinesApi' or '@OptIn(kotlinx.coroutines.ExperimentalCoroutinesApi::class)'
w: file:///home/zynergy-labs/Zynergy/forager-wt/topo-night/app/src/test/java/com/zynergylabs/forager/app/ui/availability/AvailabilityViewModelOfflineMapsTest.kt:383:9 This declaration needs opt-in. Its usage should be marked with '@kotlinx.coroutines.ExperimentalCoroutinesApi' or '@OptIn(kotlinx.coroutines.ExperimentalCoroutinesApi::class)'
w: file:///home/zynergy-labs/Zynergy/forager-wt/topo-night/app/src/test/java/com/zynergylabs/forager/app/ui/availability/AvailabilityViewModelOfflineMapsTest.kt:387:9 This declaration needs opt-in. Its usage should be marked with '@kotlinx.coroutines.ExperimentalCoroutinesApi' or '@OptIn(kotlinx.coroutines.ExperimentalCoroutinesApi::class)'
w: file:///home/zynergy-labs/Zynergy/forager-wt/topo-night/app/src/test/java/com/zynergylabs/forager/app/ui/availability/AvailabilityViewModelOfflineMapsTest.kt:401:9 This declaration needs opt-in. Its usage should be marked with '@kotlinx.coroutines.ExperimentalCoroutinesApi' or '@OptIn(kotlinx.coroutines.ExperimentalCoroutinesApi::class)'
w: file:///home/zynergy-labs/Zynergy/forager-wt/topo-night/app/src/test/java/com/zynergylabs/forager/app/ui/availability/AvailabilityViewModelOfflineMapsTest.kt:405:9 This declaration needs opt-in. Its usage should be marked with '@kotlinx.coroutines.ExperimentalCoroutinesApi' or '@OptIn(kotlinx.coroutines.ExperimentalCoroutinesApi::class)'
w: file:///home/zynergy-labs/Zynergy/forager-wt/topo-night/app/src/test/java/com/zynergylabs/forager/app/ui/availability/AvailabilityViewModelOfflineMapsTest.kt:416:9 This declaration needs opt-in. Its usage should be marked with '@kotlinx.coroutines.ExperimentalCoroutinesApi' or '@OptIn(kotlinx.coroutines.ExperimentalCoroutinesApi::class)'
w: file:///home/zynergy-labs/Zynergy/forager-wt/topo-night/app/src/test/java/com/zynergylabs/forager/app/ui/availability/AvailabilityViewModelOfflineMapsTest.kt:420:9 This declaration needs opt-in. Its usage should be marked with '@kotlinx.coroutines.ExperimentalCoroutinesApi' or '@OptIn(kotlinx.coroutines.ExperimentalCoroutinesApi::class)'
w: file:///home/zynergy-labs/Zynergy/forager-wt/topo-night/app/src/test/java/com/zynergylabs/forager/app/ui/availability/AvailabilityViewModelOfflineMapsTest.kt:438:9 This declaration needs opt-in. Its usage should be marked with '@kotlinx.coroutines.ExperimentalCoroutinesApi' or '@OptIn(kotlinx.coroutines.ExperimentalCoroutinesApi::class)'
w: file:///home/zynergy-labs/Zynergy/forager-wt/topo-night/app/src/test/java/com/zynergylabs/forager/app/ui/availability/AvailabilityViewModelOfflineMapsTest.kt:441:9 This declaration needs opt-in. Its usage should be marked with '@kotlinx.coroutines.ExperimentalCoroutinesApi' or '@OptIn(kotlinx.coroutines.ExperimentalCoroutinesApi::class)'
w: file:///home/zynergy-labs/Zynergy/forager-wt/topo-night/app/src/test/java/com/zynergylabs/forager/app/ui/availability/AvailabilityViewModelOfflineMapsTest.kt:461:9 This declaration needs opt-in. Its usage should be marked with '@kotlinx.coroutines.ExperimentalCoroutinesApi' or '@OptIn(kotlinx.coroutines.ExperimentalCoroutinesApi::class)'
w: file:///home/zynergy-labs/Zynergy/forager-wt/topo-night/app/src/test/java/com/zynergylabs/forager/app/ui/availability/AvailabilityViewModelOfflineMapsTest.kt:467:9 This declaration needs opt-in. Its usage should be marked with '@kotlinx.coroutines.ExperimentalCoroutinesApi' or '@OptIn(kotlinx.coroutines.ExperimentalCoroutinesApi::class)'
w: file:///home/zynergy-labs/Zynergy/forager-wt/topo-night/app/src/test/java/com/zynergylabs/forager/app/ui/availability/AvailabilityViewModelOfflineMapsTest.kt:485:9 This declaration needs opt-in. Its usage should be marked with '@kotlinx.coroutines.ExperimentalCoroutinesApi' or '@OptIn(kotlinx.coroutines.ExperimentalCoroutinesApi::class)'
w: file:///home/zynergy-labs/Zynergy/forager-wt/topo-night/app/src/test/java/com/zynergylabs/forager/app/ui/availability/AvailabilityViewModelOfflineMapsTest.kt:516:9 This declaration needs opt-in. Its usage should be marked with '@kotlinx.coroutines.ExperimentalCoroutinesApi' or '@OptIn(kotlinx.coroutines.ExperimentalCoroutinesApi::class)'
w: file:///home/zynergy-labs/Zynergy/forager-wt/topo-night/app/src/test/java/com/zynergylabs/forager/app/ui/availability/AvailabilityViewModelOfflineMapsTest.kt:528:9 This declaration needs opt-in. Its usage should be marked with '@kotlinx.coroutines.ExperimentalCoroutinesApi' or '@OptIn(kotlinx.coroutines.ExperimentalCoroutinesApi::class)'
w: file:///home/zynergy-labs/Zynergy/forager-wt/topo-night/app/src/test/java/com/zynergylabs/forager/app/ui/availability/AvailabilityViewModelOfflineMapsTest.kt:534:9 This declaration needs opt-in. Its usage should be marked with '@kotlinx.coroutines.ExperimentalCoroutinesApi' or '@OptIn(kotlinx.coroutines.ExperimentalCoroutinesApi::class)'
w: file:///home/zynergy-labs/Zynergy/forager-wt/topo-night/app/src/test/java/com/zynergylabs/forager/app/ui/availability/AvailabilityViewModelOfflineMapsTest.kt:549:9 This declaration needs opt-in. Its usage should be marked with '@kotlinx.coroutines.ExperimentalCoroutinesApi' or '@OptIn(kotlinx.coroutines.ExperimentalCoroutinesApi::class)'
w: file:///home/zynergy-labs/Zynergy/forager-wt/topo-night/app/src/test/java/com/zynergylabs/forager/app/ui/availability/AvailabilityViewModelOfflineMapsTest.kt:552:9 This declaration needs opt-in. Its usage should be marked with '@kotlinx.coroutines.ExperimentalCoroutinesApi' or '@OptIn(kotlinx.coroutines.ExperimentalCoroutinesApi::class)'
w: file:///home/zynergy-labs/Zynergy/forager-wt/topo-night/app/src/test/java/com/zynergylabs/forager/app/ui/availability/AvailabilityViewModelOfflineMapsTest.kt:566:9 This declaration needs opt-in. Its usage should be marked with '@kotlinx.coroutines.ExperimentalCoroutinesApi' or '@OptIn(kotlinx.coroutines.ExperimentalCoroutinesApi::class)'
w: file:///home/zynergy-labs/Zynergy/forager-wt/topo-night/app/src/test/java/com/zynergylabs/forager/app/ui/availability/AvailabilityViewModelOfflineMapsTest.kt:568:9 This declaration needs opt-in. Its usage should be marked with '@kotlinx.coroutines.ExperimentalCoroutinesApi' or '@OptIn(kotlinx.coroutines.ExperimentalCoroutinesApi::class)'
w: file:///home/zynergy-labs/Zynergy/forager-wt/topo-night/app/src/test/java/com/zynergylabs/forager/app/ui/availability/AvailabilityViewModelOfflineMapsTest.kt:572:9 This declaration needs opt-in. Its usage should be marked with '@kotlinx.coroutines.ExperimentalCoroutinesApi' or '@OptIn(kotlinx.coroutines.ExperimentalCoroutinesApi::class)'
w: file:///home/zynergy-labs/Zynergy/forager-wt/topo-night/app/src/test/java/com/zynergylabs/forager/app/ui/availability/AvailabilityViewModelOfflineMapsTest.kt:583:9 This declaration needs opt-in. Its usage should be marked with '@kotlinx.coroutines.ExperimentalCoroutinesApi' or '@OptIn(kotlinx.coroutines.ExperimentalCoroutinesApi::class)'
w: file:///home/zynergy-labs/Zynergy/forager-wt/topo-night/app/src/test/java/com/zynergylabs/forager/app/ui/availability/AvailabilityViewModelOfflineMapsTest.kt:585:9 This declaration needs opt-in. Its usage should be marked with '@kotlinx.coroutines.ExperimentalCoroutinesApi' or '@OptIn(kotlinx.coroutines.ExperimentalCoroutinesApi::class)'
w: file:///home/zynergy-labs/Zynergy/forager-wt/topo-night/app/src/test/java/com/zynergylabs/forager/app/ui/availability/AvailabilityViewModelOfflineMapsTest.kt:588:9 This declaration needs opt-in. Its usage should be marked with '@kotlinx.coroutines.ExperimentalCoroutinesApi' or '@OptIn(kotlinx.coroutines.ExperimentalCoroutinesApi::class)'
w: file:///home/zynergy-labs/Zynergy/forager-wt/topo-night/app/src/test/java/com/zynergylabs/forager/app/ui/availability/AvailabilityViewModelOfflineMapsTest.kt:590:9 This declaration needs opt-in. Its usage should be marked with '@kotlinx.coroutines.ExperimentalCoroutinesApi' or '@OptIn(kotlinx.coroutines.ExperimentalCoroutinesApi::class)'
w: file:///home/zynergy-labs/Zynergy/forager-wt/topo-night/app/src/test/java/com/zynergylabs/forager/app/ui/availability/AvailabilityViewModelOfflineMapsTest.kt:602:9 This declaration needs opt-in. Its usage should be marked with '@kotlinx.coroutines.ExperimentalCoroutinesApi' or '@OptIn(kotlinx.coroutines.ExperimentalCoroutinesApi::class)'
w: file:///home/zynergy-labs/Zynergy/forager-wt/topo-night/app/src/test/java/com/zynergylabs/forager/app/ui/availability/AvailabilityViewModelOfflineMapsTest.kt:604:9 This declaration needs opt-in. Its usage should be marked with '@kotlinx.coroutines.ExperimentalCoroutinesApi' or '@OptIn(kotlinx.coroutines.ExperimentalCoroutinesApi::class)'
w: file:///home/zynergy-labs/Zynergy/forager-wt/topo-night/app/src/test/java/com/zynergylabs/forager/app/ui/availability/AvailabilityViewModelOfflineMapsTest.kt:607:9 This declaration needs opt-in. Its usage should be marked with '@kotlinx.coroutines.ExperimentalCoroutinesApi' or '@OptIn(kotlinx.coroutines.ExperimentalCoroutinesApi::class)'
w: file:///home/zynergy-labs/Zynergy/forager-wt/topo-night/app/src/test/java/com/zynergylabs/forager/app/ui/availability/AvailabilityViewModelOfflineMapsTest.kt:623:9 This declaration needs opt-in. Its usage should be marked with '@kotlinx.coroutines.ExperimentalCoroutinesApi' or '@OptIn(kotlinx.coroutines.ExperimentalCoroutinesApi::class)'
w: file:///home/zynergy-labs/Zynergy/forager-wt/topo-night/app/src/test/java/com/zynergylabs/forager/app/ui/availability/AvailabilityViewModelOfflineMapsTest.kt:625:9 This declaration needs opt-in. Its usage should be marked with '@kotlinx.coroutines.ExperimentalCoroutinesApi' or '@OptIn(kotlinx.coroutines.ExperimentalCoroutinesApi::class)'
w: file:///home/zynergy-labs/Zynergy/forager-wt/topo-night/app/src/test/java/com/zynergylabs/forager/app/ui/availability/AvailabilityViewModelOfflineMapsTest.kt:629:9 This declaration needs opt-in. Its usage should be marked with '@kotlinx.coroutines.ExperimentalCoroutinesApi' or '@OptIn(kotlinx.coroutines.ExperimentalCoroutinesApi::class)'
w: file:///home/zynergy-labs/Zynergy/forager-wt/topo-night/app/src/test/java/com/zynergylabs/forager/app/ui/availability/AvailabilityViewModelOfflineMapsTest.kt:647:9 This declaration needs opt-in. Its usage should be marked with '@kotlinx.coroutines.ExperimentalCoroutinesApi' or '@OptIn(kotlinx.coroutines.ExperimentalCoroutinesApi::class)'
w: file:///home/zynergy-labs/Zynergy/forager-wt/topo-night/app/src/test/java/com/zynergylabs/forager/app/ui/availability/AvailabilityViewModelOfflineMapsTest.kt:660:9 This declaration needs opt-in. Its usage should be marked with '@kotlinx.coroutines.ExperimentalCoroutinesApi' or '@OptIn(kotlinx.coroutines.ExperimentalCoroutinesApi::class)'
w: file:///home/zynergy-labs/Zynergy/forager-wt/topo-night/app/src/test/java/com/zynergylabs/forager/app/ui/availability/AvailabilityViewModelOfflineMapsTest.kt:663:9 This declaration needs opt-in. Its usage should be marked with '@kotlinx.coroutines.ExperimentalCoroutinesApi' or '@OptIn(kotlinx.coroutines.ExperimentalCoroutinesApi::class)'
w: file:///home/zynergy-labs/Zynergy/forager-wt/topo-night/app/src/test/java/com/zynergylabs/forager/app/ui/availability/AvailabilityViewModelOfflineMapsTest.kt:677:9 This declaration needs opt-in. Its usage should be marked with '@kotlinx.coroutines.ExperimentalCoroutinesApi' or '@OptIn(kotlinx.coroutines.ExperimentalCoroutinesApi::class)'
w: file:///home/zynergy-labs/Zynergy/forager-wt/topo-night/app/src/test/java/com/zynergylabs/forager/app/ui/availability/AvailabilityViewModelOfflineMapsTest.kt:680:9 This declaration needs opt-in. Its usage should be marked with '@kotlinx.coroutines.ExperimentalCoroutinesApi' or '@OptIn(kotlinx.coroutines.ExperimentalCoroutinesApi::class)'
w: file:///home/zynergy-labs/Zynergy/forager-wt/topo-night/app/src/test/java/com/zynergylabs/forager/app/ui/availability/AvailabilityViewModelOfflineMapsTest.kt:693:9 This declaration needs opt-in. Its usage should be marked with '@kotlinx.coroutines.ExperimentalCoroutinesApi' or '@OptIn(kotlinx.coroutines.ExperimentalCoroutinesApi::class)'
w: file:///home/zynergy-labs/Zynergy/forager-wt/topo-night/app/src/test/java/com/zynergylabs/forager/app/ui/availability/AvailabilityViewModelOfflineMapsTest.kt:696:9 This declaration needs opt-in. Its usage should be marked with '@kotlinx.coroutines.ExperimentalCoroutinesApi' or '@OptIn(kotlinx.coroutines.ExperimentalCoroutinesApi::class)'
w: file:///home/zynergy-labs/Zynergy/forager-wt/topo-night/app/src/test/java/com/zynergylabs/forager/app/ui/availability/AvailabilityViewModelOfflineMapsTest.kt:707:9 This declaration needs opt-in. Its usage should be marked with '@kotlinx.coroutines.ExperimentalCoroutinesApi' or '@OptIn(kotlinx.coroutines.ExperimentalCoroutinesApi::class)'
w: file:///home/zynergy-labs/Zynergy/forager-wt/topo-night/app/src/test/java/com/zynergylabs/forager/app/ui/availability/AvailabilityViewModelPlannedTripsTest.kt:149:31 This declaration needs opt-in. Its usage should be marked with '@kotlinx.coroutines.ExperimentalCoroutinesApi' or '@OptIn(kotlinx.coroutines.ExperimentalCoroutinesApi::class)'
w: file:///home/zynergy-labs/Zynergy/forager-wt/topo-night/app/src/test/java/com/zynergylabs/forager/app/ui/availability/AvailabilityViewModelPlannedTripsTest.kt:152:34 This declaration needs opt-in. Its usage should be marked with '@kotlinx.coroutines.ExperimentalCoroutinesApi' or '@OptIn(kotlinx.coroutines.ExperimentalCoroutinesApi::class)'
w: file:///home/zynergy-labs/Zynergy/forager-wt/topo-night/app/src/test/java/com/zynergylabs/forager/app/ui/availability/AvailabilityViewModelPlannedTripsTest.kt:192:9 This declaration needs opt-in. Its usage should be marked with '@kotlinx.coroutines.ExperimentalCoroutinesApi' or '@OptIn(kotlinx.coroutines.ExperimentalCoroutinesApi::class)'
w: file:///home/zynergy-labs/Zynergy/forager-wt/topo-night/app/src/test/java/com/zynergylabs/forager/app/ui/availability/AvailabilityViewModelPlannedTripsTest.kt:204:9 This declaration needs opt-in. Its usage should be marked with '@kotlinx.coroutines.ExperimentalCoroutinesApi' or '@OptIn(kotlinx.coroutines.ExperimentalCoroutinesApi::class)'
w: file:///home/zynergy-labs/Zynergy/forager-wt/topo-night/app/src/test/java/com/zynergylabs/forager/app/ui/availability/AvailabilityViewModelPlannedTripsTest.kt:217:9 This declaration needs opt-in. Its usage should be marked with '@kotlinx.coroutines.ExperimentalCoroutinesApi' or '@OptIn(kotlinx.coroutines.ExperimentalCoroutinesApi::class)'
w: file:///home/zynergy-labs/Zynergy/forager-wt/topo-night/app/src/test/java/com/zynergylabs/forager/app/ui/availability/AvailabilityViewModelPlannedTripsTest.kt:221:9 This declaration needs opt-in. Its usage should be marked with '@kotlinx.coroutines.ExperimentalCoroutinesApi' or '@OptIn(kotlinx.coroutines.ExperimentalCoroutinesApi::class)'
w: file:///home/zynergy-labs/Zynergy/forager-wt/topo-night/app/src/test/java/com/zynergylabs/forager/app/ui/availability/AvailabilityViewModelPlannedTripsTest.kt:232:9 This declaration needs opt-in. Its usage should be marked with '@kotlinx.coroutines.ExperimentalCoroutinesApi' or '@OptIn(kotlinx.coroutines.ExperimentalCoroutinesApi::class)'
w: file:///home/zynergy-labs/Zynergy/forager-wt/topo-night/app/src/test/java/com/zynergylabs/forager/app/ui/availability/AvailabilityViewModelPlannedTripsTest.kt:234:9 This declaration needs opt-in. Its usage should be marked with '@kotlinx.coroutines.ExperimentalCoroutinesApi' or '@OptIn(kotlinx.coroutines.ExperimentalCoroutinesApi::class)'
w: file:///home/zynergy-labs/Zynergy/forager-wt/topo-night/app/src/test/java/com/zynergylabs/forager/app/ui/availability/BackupSettingsScreenTest.kt:64:31 'fun <reified A : ComponentActivity> createAndroidComposeRule(effectContext: CoroutineContext = ...): AndroidComposeTestRule<ActivityScenarioRule<A>, A>' is deprecated. Use `androidx.compose.ui.test.junit4.v2.createAndroidComposeRule` instead. The v2 APIs use StandardTestDispatcher instead of UnconfinedTestDispatcher, which aligns with standard coroutine behavior by queuing tasks rather than executing them immediately. Tests relying on immediate execution may require explicit synchronization. Please refer to the migration guide for more details.
w: file:///home/zynergy-labs/Zynergy/forager-wt/topo-night/app/src/test/java/com/zynergylabs/forager/app/ui/availability/CompactToolsDrawerTest.kt:77:31 'fun createComposeRule(effectContext: CoroutineContext = ...): ComposeContentTestRule' is deprecated. Use `androidx.compose.ui.test.junit4.v2.createComposeRule` instead. The v2 APIs use StandardTestDispatcher instead of UnconfinedTestDispatcher, which aligns with standard coroutine behavior by queuing tasks rather than executing them immediately. Tests relying on immediate execution may require explicit synchronization. Please refer to the migration guide for more details.
w: file:///home/zynergy-labs/Zynergy/forager-wt/topo-night/app/src/test/java/com/zynergylabs/forager/app/ui/availability/DrawerBackOverJournalTest.kt:172:31 'fun <reified A : ComponentActivity> createAndroidComposeRule(effectContext: CoroutineContext = ...): AndroidComposeTestRule<ActivityScenarioRule<A>, A>' is deprecated. Use `androidx.compose.ui.test.junit4.v2.createAndroidComposeRule` instead. The v2 APIs use StandardTestDispatcher instead of UnconfinedTestDispatcher, which aligns with standard coroutine behavior by queuing tasks rather than executing them immediately. Tests relying on immediate execution may require explicit synchronization. Please refer to the migration guide for more details.
w: file:///home/zynergy-labs/Zynergy/forager-wt/topo-night/app/src/test/java/com/zynergylabs/forager/app/ui/availability/EntrySaveFailureShownTest.kt:170:33 'fun <reified A : ComponentActivity> createAndroidComposeRule(effectContext: CoroutineContext = ...): AndroidComposeTestRule<ActivityScenarioRule<A>, A>' is deprecated. Use `androidx.compose.ui.test.junit4.v2.createAndroidComposeRule` instead. The v2 APIs use StandardTestDispatcher instead of UnconfinedTestDispatcher, which aligns with standard coroutine behavior by queuing tasks rather than executing them immediately. Tests relying on immediate execution may require explicit synchronization. Please refer to the migration guide for more details.
w: file:///home/zynergy-labs/Zynergy/forager-wt/topo-night/app/src/test/java/com/zynergylabs/forager/app/ui/availability/FindDeleteReappearsOnMapTest.kt:111:31 This declaration needs opt-in. Its usage should be marked with '@kotlinx.coroutines.ExperimentalCoroutinesApi' or '@OptIn(kotlinx.coroutines.ExperimentalCoroutinesApi::class)'
w: file:///home/zynergy-labs/Zynergy/forager-wt/topo-night/app/src/test/java/com/zynergylabs/forager/app/ui/availability/FindDeleteReappearsOnMapTest.kt:114:34 This declaration needs opt-in. Its usage should be marked with '@kotlinx.coroutines.ExperimentalCoroutinesApi' or '@OptIn(kotlinx.coroutines.ExperimentalCoroutinesApi::class)'
w: file:///home/zynergy-labs/Zynergy/forager-wt/topo-night/app/src/test/java/com/zynergylabs/forager/app/ui/availability/FindDeleteReappearsOnMapTest.kt:183:9 This declaration needs opt-in. Its usage should be marked with '@kotlinx.coroutines.ExperimentalCoroutinesApi' or '@OptIn(kotlinx.coroutines.ExperimentalCoroutinesApi::class)'
w: file:///home/zynergy-labs/Zynergy/forager-wt/topo-night/app/src/test/java/com/zynergylabs/forager/app/ui/availability/FindDeleteReappearsOnMapTest.kt:187:9 This declaration needs opt-in. Its usage should be marked with '@kotlinx.coroutines.ExperimentalCoroutinesApi' or '@OptIn(kotlinx.coroutines.ExperimentalCoroutinesApi::class)'
w: file:///home/zynergy-labs/Zynergy/forager-wt/topo-night/app/src/test/java/com/zynergylabs/forager/app/ui/availability/FindDeleteReappearsOnMapTest.kt:191:9 This declaration needs opt-in. Its usage should be marked with '@kotlinx.coroutines.ExperimentalCoroutinesApi' or '@OptIn(kotlinx.coroutines.ExperimentalCoroutinesApi::class)'
w: file:///home/zynergy-labs/Zynergy/forager-wt/topo-night/app/src/test/java/com/zynergylabs/forager/app/ui/availability/FindDeleteReappearsOnMapTest.kt:201:9 This declaration needs opt-in. Its usage should be marked with '@kotlinx.coroutines.ExperimentalCoroutinesApi' or '@OptIn(kotlinx.coroutines.ExperimentalCoroutinesApi::class)'
w: file:///home/zynergy-labs/Zynergy/forager-wt/topo-night/app/src/test/java/com/zynergylabs/forager/app/ui/availability/FindDeleteReappearsOnMapTest.kt:205:9 This declaration needs opt-in. Its usage should be marked with '@kotlinx.coroutines.ExperimentalCoroutinesApi' or '@OptIn(kotlinx.coroutines.ExperimentalCoroutinesApi::class)'
w: file:///home/zynergy-labs/Zynergy/forager-wt/topo-night/app/src/test/java/com/zynergylabs/forager/app/ui/availability/FindDeleteReappearsOnMapTest.kt:208:9 This declaration needs opt-in. Its usage should be marked with '@kotlinx.coroutines.ExperimentalCoroutinesApi' or '@OptIn(kotlinx.coroutines.ExperimentalCoroutinesApi::class)'
w: file:///home/zynergy-labs/Zynergy/forager-wt/topo-night/app/src/test/java/com/zynergylabs/forager/app/ui/availability/FindDeleteReappearsOnMapTest.kt:218:9 This declaration needs opt-in. Its usage should be marked with '@kotlinx.coroutines.ExperimentalCoroutinesApi' or '@OptIn(kotlinx.coroutines.ExperimentalCoroutinesApi::class)'
w: file:///home/zynergy-labs/Zynergy/forager-wt/topo-night/app/src/test/java/com/zynergylabs/forager/app/ui/availability/FindDeleteReappearsOnMapTest.kt:227:9 This declaration needs opt-in. Its usage should be marked with '@kotlinx.coroutines.ExperimentalCoroutinesApi' or '@OptIn(kotlinx.coroutines.ExperimentalCoroutinesApi::class)'
w: file:///home/zynergy-labs/Zynergy/forager-wt/topo-night/app/src/test/java/com/zynergylabs/forager/app/ui/availability/FindDeleteReappearsOnMapTest.kt:230:9 This declaration needs opt-in. Its usage should be marked with '@kotlinx.coroutines.ExperimentalCoroutinesApi' or '@OptIn(kotlinx.coroutines.ExperimentalCoroutinesApi::class)'
w: file:///home/zynergy-labs/Zynergy/forager-wt/topo-night/app/src/test/java/com/zynergylabs/forager/app/ui/availability/FindDeleteReappearsOnMapTest.kt:232:9 This declaration needs opt-in. Its usage should be marked with '@kotlinx.coroutines.ExperimentalCoroutinesApi' or '@OptIn(kotlinx.coroutines.ExperimentalCoroutinesApi::class)'
w: file:///home/zynergy-labs/Zynergy/forager-wt/topo-night/app/src/test/java/com/zynergylabs/forager/app/ui/availability/FindDeleteReappearsOnMapTest.kt:242:9 This declaration needs opt-in. Its usage should be marked with '@kotlinx.coroutines.ExperimentalCoroutinesApi' or '@OptIn(kotlinx.coroutines.ExperimentalCoroutinesApi::class)'
w: file:///home/zynergy-labs/Zynergy/forager-wt/topo-night/app/src/test/java/com/zynergylabs/forager/app/ui/availability/FindDeleteReappearsOnMapTest.kt:244:9 This declaration needs opt-in. Its usage should be marked with '@kotlinx.coroutines.ExperimentalCoroutinesApi' or '@OptIn(kotlinx.coroutines.ExperimentalCoroutinesApi::class)'
w: file:///home/zynergy-labs/Zynergy/forager-wt/topo-night/app/src/test/java/com/zynergylabs/forager/app/ui/availability/FindDeleteReappearsOnMapTest.kt:246:9 This declaration needs opt-in. Its usage should be marked with '@kotlinx.coroutines.ExperimentalCoroutinesApi' or '@OptIn(kotlinx.coroutines.ExperimentalCoroutinesApi::class)'
w: file:///home/zynergy-labs/Zynergy/forager-wt/topo-night/app/src/test/java/com/zynergylabs/forager/app/ui/availability/FindDeleteReappearsOnMapTest.kt:250:9 This declaration needs opt-in. Its usage should be marked with '@kotlinx.coroutines.ExperimentalCoroutinesApi' or '@OptIn(kotlinx.coroutines.ExperimentalCoroutinesApi::class)'
w: file:///home/zynergy-labs/Zynergy/forager-wt/topo-night/app/src/test/java/com/zynergylabs/forager/app/ui/availability/FindDeleteReappearsOnMapTest.kt:260:9 This declaration needs opt-in. Its usage should be marked with '@kotlinx.coroutines.ExperimentalCoroutinesApi' or '@OptIn(kotlinx.coroutines.ExperimentalCoroutinesApi::class)'
w: file:///home/zynergy-labs/Zynergy/forager-wt/topo-night/app/src/test/java/com/zynergylabs/forager/app/ui/availability/FindDeleteReappearsOnMapTest.kt:262:9 This declaration needs opt-in. Its usage should be marked with '@kotlinx.coroutines.ExperimentalCoroutinesApi' or '@OptIn(kotlinx.coroutines.ExperimentalCoroutinesApi::class)'
w: file:///home/zynergy-labs/Zynergy/forager-wt/topo-night/app/src/test/java/com/zynergylabs/forager/app/ui/availability/FindDeleteReappearsOnMapTest.kt:265:9 This declaration needs opt-in. Its usage should be marked with '@kotlinx.coroutines.ExperimentalCoroutinesApi' or '@OptIn(kotlinx.coroutines.ExperimentalCoroutinesApi::class)'
w: file:///home/zynergy-labs/Zynergy/forager-wt/topo-night/app/src/test/java/com/zynergylabs/forager/app/ui/availability/JournalEntriesOnMapScreenTest.kt:175:33 'fun <reified A : ComponentActivity> createAndroidComposeRule(effectContext: CoroutineContext = ...): AndroidComposeTestRule<ActivityScenarioRule<A>, A>' is deprecated. Use `androidx.compose.ui.test.junit4.v2.createAndroidComposeRule` instead. The v2 APIs use StandardTestDispatcher instead of UnconfinedTestDispatcher, which aligns with standard coroutine behavior by queuing tasks rather than executing them immediately. Tests relying on immediate execution may require explicit synchronization. Please refer to the migration guide for more details.
w: file:///home/zynergy-labs/Zynergy/forager-wt/topo-night/app/src/test/java/com/zynergylabs/forager/app/ui/availability/LandscapeEntryReportTest.kt:67:31 'fun createComposeRule(effectContext: CoroutineContext = ...): ComposeContentTestRule' is deprecated. Use `androidx.compose.ui.test.junit4.v2.createComposeRule` instead. The v2 APIs use StandardTestDispatcher instead of UnconfinedTestDispatcher, which aligns with standard coroutine behavior by queuing tasks rather than executing them immediately. Tests relying on immediate execution may require explicit synchronization. Please refer to the migration guide for more details.
w: file:///home/zynergy-labs/Zynergy/forager-wt/topo-night/app/src/test/java/com/zynergylabs/forager/app/ui/availability/LandscapeLClusterPixelsTest.kt:46:31 'fun <reified A : ComponentActivity> createAndroidComposeRule(effectContext: CoroutineContext = ...): AndroidComposeTestRule<ActivityScenarioRule<A>, A>' is deprecated. Use `androidx.compose.ui.test.junit4.v2.createAndroidComposeRule` instead. The v2 APIs use StandardTestDispatcher instead of UnconfinedTestDispatcher, which aligns with standard coroutine behavior by queuing tasks rather than executing them immediately. Tests relying on immediate execution may require explicit synchronization. Please refer to the migration guide for more details.
w: file:///home/zynergy-labs/Zynergy/forager-wt/topo-night/app/src/test/java/com/zynergylabs/forager/app/ui/availability/LandscapeLClusterTest.kt:53:31 'fun <reified A : ComponentActivity> createAndroidComposeRule(effectContext: CoroutineContext = ...): AndroidComposeTestRule<ActivityScenarioRule<A>, A>' is deprecated. Use `androidx.compose.ui.test.junit4.v2.createAndroidComposeRule` instead. The v2 APIs use StandardTestDispatcher instead of UnconfinedTestDispatcher, which aligns with standard coroutine behavior by queuing tasks rather than executing them immediately. Tests relying on immediate execution may require explicit synchronization. Please refer to the migration guide for more details.
w: file:///home/zynergy-labs/Zynergy/forager-wt/topo-night/app/src/test/java/com/zynergylabs/forager/app/ui/availability/LandscapeLFullscreenCycleTest.kt:51:31 'fun <reified A : ComponentActivity> createAndroidComposeRule(effectContext: CoroutineContext = ...): AndroidComposeTestRule<ActivityScenarioRule<A>, A>' is deprecated. Use `androidx.compose.ui.test.junit4.v2.createAndroidComposeRule` instead. The v2 APIs use StandardTestDispatcher instead of UnconfinedTestDispatcher, which aligns with standard coroutine behavior by queuing tasks rather than executing them immediately. Tests relying on immediate execution may require explicit synchronization. Please refer to the migration guide for more details.
w: file:///home/zynergy-labs/Zynergy/forager-wt/topo-night/app/src/test/java/com/zynergylabs/forager/app/ui/availability/LandscapeLRulingsTest.kt:52:31 'fun <reified A : ComponentActivity> createAndroidComposeRule(effectContext: CoroutineContext = ...): AndroidComposeTestRule<ActivityScenarioRule<A>, A>' is deprecated. Use `androidx.compose.ui.test.junit4.v2.createAndroidComposeRule` instead. The v2 APIs use StandardTestDispatcher instead of UnconfinedTestDispatcher, which aligns with standard coroutine behavior by queuing tasks rather than executing them immediately. Tests relying on immediate execution may require explicit synchronization. Please refer to the migration guide for more details.
w: file:///home/zynergy-labs/Zynergy/forager-wt/topo-night/app/src/test/java/com/zynergylabs/forager/app/ui/availability/LandscapeOfflinePickerTest.kt:62:31 'fun createComposeRule(effectContext: CoroutineContext = ...): ComposeContentTestRule' is deprecated. Use `androidx.compose.ui.test.junit4.v2.createComposeRule` instead. The v2 APIs use StandardTestDispatcher instead of UnconfinedTestDispatcher, which aligns with standard coroutine behavior by queuing tasks rather than executing them immediately. Tests relying on immediate execution may require explicit synchronization. Please refer to the migration guide for more details.
w: file:///home/zynergy-labs/Zynergy/forager-wt/topo-night/app/src/test/java/com/zynergylabs/forager/app/ui/availability/LayoutFixesChipRowHeldTest.kt:58:31 'fun <reified A : ComponentActivity> createAndroidComposeRule(effectContext: CoroutineContext = ...): AndroidComposeTestRule<ActivityScenarioRule<A>, A>' is deprecated. Use `androidx.compose.ui.test.junit4.v2.createAndroidComposeRule` instead. The v2 APIs use StandardTestDispatcher instead of UnconfinedTestDispatcher, which aligns with standard coroutine behavior by queuing tasks rather than executing them immediately. Tests relying on immediate execution may require explicit synchronization. Please refer to the migration guide for more details.
w: file:///home/zynergy-labs/Zynergy/forager-wt/topo-night/app/src/test/java/com/zynergylabs/forager/app/ui/availability/LayoutFixesLandscapeRulingsTest.kt:48:31 'fun <reified A : ComponentActivity> createAndroidComposeRule(effectContext: CoroutineContext = ...): AndroidComposeTestRule<ActivityScenarioRule<A>, A>' is deprecated. Use `androidx.compose.ui.test.junit4.v2.createAndroidComposeRule` instead. The v2 APIs use StandardTestDispatcher instead of UnconfinedTestDispatcher, which aligns with standard coroutine behavior by queuing tasks rather than executing them immediately. Tests relying on immediate execution may require explicit synchronization. Please refer to the migration guide for more details.
w: file:///home/zynergy-labs/Zynergy/forager-wt/topo-night/app/src/test/java/com/zynergylabs/forager/app/ui/availability/LayoutFixesPortraitTest.kt:41:31 'fun <reified A : ComponentActivity> createAndroidComposeRule(effectContext: CoroutineContext = ...): AndroidComposeTestRule<ActivityScenarioRule<A>, A>' is deprecated. Use `androidx.compose.ui.test.junit4.v2.createAndroidComposeRule` instead. The v2 APIs use StandardTestDispatcher instead of UnconfinedTestDispatcher, which aligns with standard coroutine behavior by queuing tasks rather than executing them immediately. Tests relying on immediate execution may require explicit synchronization. Please refer to the migration guide for more details.
w: file:///home/zynergy-labs/Zynergy/forager-wt/topo-night/app/src/test/java/com/zynergylabs/forager/app/ui/availability/LayoutFixesPortraitTest.kt:115:31 'fun <reified A : ComponentActivity> createAndroidComposeRule(effectContext: CoroutineContext = ...): AndroidComposeTestRule<ActivityScenarioRule<A>, A>' is deprecated. Use `androidx.compose.ui.test.junit4.v2.createAndroidComposeRule` instead. The v2 APIs use StandardTestDispatcher instead of UnconfinedTestDispatcher, which aligns with standard coroutine behavior by queuing tasks rather than executing them immediately. Tests relying on immediate execution may require explicit synchronization. Please refer to the migration guide for more details.
w: file:///home/zynergy-labs/Zynergy/forager-wt/topo-night/app/src/test/java/com/zynergylabs/forager/app/ui/availability/LayoutFixesShortLandscapeTest.kt:42:31 'fun <reified A : ComponentActivity> createAndroidComposeRule(effectContext: CoroutineContext = ...): AndroidComposeTestRule<ActivityScenarioRule<A>, A>' is deprecated. Use `androidx.compose.ui.test.junit4.v2.createAndroidComposeRule` instead. The v2 APIs use StandardTestDispatcher instead of UnconfinedTestDispatcher, which aligns with standard coroutine behavior by queuing tasks rather than executing them immediately. Tests relying on immediate execution may require explicit synchronization. Please refer to the migration guide for more details.
w: file:///home/zynergy-labs/Zynergy/forager-wt/topo-night/app/src/test/java/com/zynergylabs/forager/app/ui/availability/LeavingTheJournalFixesTest.kt:172:31 'fun <reified A : ComponentActivity> createAndroidComposeRule(effectContext: CoroutineContext = ...): AndroidComposeTestRule<ActivityScenarioRule<A>, A>' is deprecated. Use `androidx.compose.ui.test.junit4.v2.createAndroidComposeRule` instead. The v2 APIs use StandardTestDispatcher instead of UnconfinedTestDispatcher, which aligns with standard coroutine behavior by queuing tasks rather than executing them immediately. Tests relying on immediate execution may require explicit synchronization. Please refer to the migration guide for more details.
w: file:///home/zynergy-labs/Zynergy/forager-wt/topo-night/app/src/test/java/com/zynergylabs/forager/app/ui/availability/MapChipsOverMapTest.kt:48:31 'fun createComposeRule(effectContext: CoroutineContext = ...): ComposeContentTestRule' is deprecated. Use `androidx.compose.ui.test.junit4.v2.createComposeRule` instead. The v2 APIs use StandardTestDispatcher instead of UnconfinedTestDispatcher, which aligns with standard coroutine behavior by queuing tasks rather than executing them immediately. Tests relying on immediate execution may require explicit synchronization. Please refer to the migration guide for more details.
w: file:///home/zynergy-labs/Zynergy/forager-wt/topo-night/app/src/test/java/com/zynergylabs/forager/app/ui/availability/MapChromeChipsTest.kt:29:31 'fun <reified A : ComponentActivity> createAndroidComposeRule(effectContext: CoroutineContext = ...): AndroidComposeTestRule<ActivityScenarioRule<A>, A>' is deprecated. Use `androidx.compose.ui.test.junit4.v2.createAndroidComposeRule` instead. The v2 APIs use StandardTestDispatcher instead of UnconfinedTestDispatcher, which aligns with standard coroutine behavior by queuing tasks rather than executing them immediately. Tests relying on immediate execution may require explicit synchronization. Please refer to the migration guide for more details.
w: file:///home/zynergy-labs/Zynergy/forager-wt/topo-night/app/src/test/java/com/zynergylabs/forager/app/ui/availability/MapChromeColourChipsTest.kt:54:31 'fun <reified A : ComponentActivity> createAndroidComposeRule(effectContext: CoroutineContext = ...): AndroidComposeTestRule<ActivityScenarioRule<A>, A>' is deprecated. Use `androidx.compose.ui.test.junit4.v2.createAndroidComposeRule` instead. The v2 APIs use StandardTestDispatcher instead of UnconfinedTestDispatcher, which aligns with standard coroutine behavior by queuing tasks rather than executing them immediately. Tests relying on immediate execution may require explicit synchronization. Please refer to the migration guide for more details.
w: file:///home/zynergy-labs/Zynergy/forager-wt/topo-night/app/src/test/java/com/zynergylabs/forager/app/ui/availability/MapChromeColourPixelsTest.kt:47:31 'fun <reified A : ComponentActivity> createAndroidComposeRule(effectContext: CoroutineContext = ...): AndroidComposeTestRule<ActivityScenarioRule<A>, A>' is deprecated. Use `androidx.compose.ui.test.junit4.v2.createAndroidComposeRule` instead. The v2 APIs use StandardTestDispatcher instead of UnconfinedTestDispatcher, which aligns with standard coroutine behavior by queuing tasks rather than executing them immediately. Tests relying on immediate execution may require explicit synchronization. Please refer to the migration guide for more details.
w: file:///home/zynergy-labs/Zynergy/forager-wt/topo-night/app/src/test/java/com/zynergylabs/forager/app/ui/availability/MapChromeColourTest.kt:102:31 'fun <reified A : ComponentActivity> createAndroidComposeRule(effectContext: CoroutineContext = ...): AndroidComposeTestRule<ActivityScenarioRule<A>, A>' is deprecated. Use `androidx.compose.ui.test.junit4.v2.createAndroidComposeRule` instead. The v2 APIs use StandardTestDispatcher instead of UnconfinedTestDispatcher, which aligns with standard coroutine behavior by queuing tasks rather than executing them immediately. Tests relying on immediate execution may require explicit synchronization. Please refer to the migration guide for more details.
w: file:///home/zynergy-labs/Zynergy/forager-wt/topo-night/app/src/test/java/com/zynergylabs/forager/app/ui/availability/MapChromeColourTest.kt:251:31 'fun <reified A : ComponentActivity> createAndroidComposeRule(effectContext: CoroutineContext = ...): AndroidComposeTestRule<ActivityScenarioRule<A>, A>' is deprecated. Use `androidx.compose.ui.test.junit4.v2.createAndroidComposeRule` instead. The v2 APIs use StandardTestDispatcher instead of UnconfinedTestDispatcher, which aligns with standard coroutine behavior by queuing tasks rather than executing them immediately. Tests relying on immediate execution may require explicit synchronization. Please refer to the migration guide for more details.
w: file:///home/zynergy-labs/Zynergy/forager-wt/topo-night/app/src/test/java/com/zynergylabs/forager/app/ui/availability/MapChromeFollowUpsTest.kt:47:33 'fun <reified A : ComponentActivity> createAndroidComposeRule(effectContext: CoroutineContext = ...): AndroidComposeTestRule<ActivityScenarioRule<A>, A>' is deprecated. Use `androidx.compose.ui.test.junit4.v2.createAndroidComposeRule` instead. The v2 APIs use StandardTestDispatcher instead of UnconfinedTestDispatcher, which aligns with standard coroutine behavior by queuing tasks rather than executing them immediately. Tests relying on immediate execution may require explicit synchronization. Please refer to the migration guide for more details.
w: file:///home/zynergy-labs/Zynergy/forager-wt/topo-night/app/src/test/java/com/zynergylabs/forager/app/ui/availability/MapChromeOverMapTest.kt:278:31 'fun <reified A : ComponentActivity> createAndroidComposeRule(effectContext: CoroutineContext = ...): AndroidComposeTestRule<ActivityScenarioRule<A>, A>' is deprecated. Use `androidx.compose.ui.test.junit4.v2.createAndroidComposeRule` instead. The v2 APIs use StandardTestDispatcher instead of UnconfinedTestDispatcher, which aligns with standard coroutine behavior by queuing tasks rather than executing them immediately. Tests relying on immediate execution may require explicit synchronization. Please refer to the migration guide for more details.
w: file:///home/zynergy-labs/Zynergy/forager-wt/topo-night/app/src/test/java/com/zynergylabs/forager/app/ui/availability/MapChromeOverMapTest.kt:505:31 'fun <reified A : ComponentActivity> createAndroidComposeRule(effectContext: CoroutineContext = ...): AndroidComposeTestRule<ActivityScenarioRule<A>, A>' is deprecated. Use `androidx.compose.ui.test.junit4.v2.createAndroidComposeRule` instead. The v2 APIs use StandardTestDispatcher instead of UnconfinedTestDispatcher, which aligns with standard coroutine behavior by queuing tasks rather than executing them immediately. Tests relying on immediate execution may require explicit synchronization. Please refer to the migration guide for more details.
w: file:///home/zynergy-labs/Zynergy/forager-wt/topo-night/app/src/test/java/com/zynergylabs/forager/app/ui/availability/MapChromeOverMapTest.kt:585:31 'fun <reified A : ComponentActivity> createAndroidComposeRule(effectContext: CoroutineContext = ...): AndroidComposeTestRule<ActivityScenarioRule<A>, A>' is deprecated. Use `androidx.compose.ui.test.junit4.v2.createAndroidComposeRule` instead. The v2 APIs use StandardTestDispatcher instead of UnconfinedTestDispatcher, which aligns with standard coroutine behavior by queuing tasks rather than executing them immediately. Tests relying on immediate execution may require explicit synchronization. Please refer to the migration guide for more details.
w: file:///home/zynergy-labs/Zynergy/forager-wt/topo-night/app/src/test/java/com/zynergylabs/forager/app/ui/availability/MapChromeResumedTest.kt:94:31 'fun <reified A : ComponentActivity> createAndroidComposeRule(effectContext: CoroutineContext = ...): AndroidComposeTestRule<ActivityScenarioRule<A>, A>' is deprecated. Use `androidx.compose.ui.test.junit4.v2.createAndroidComposeRule` instead. The v2 APIs use StandardTestDispatcher instead of UnconfinedTestDispatcher, which aligns with standard coroutine behavior by queuing tasks rather than executing them immediately. Tests relying on immediate execution may require explicit synchronization. Please refer to the migration guide for more details.
w: file:///home/zynergy-labs/Zynergy/forager-wt/topo-night/app/src/test/java/com/zynergylabs/forager/app/ui/availability/MapChromeResumedTest.kt:202:33 'fun <reified A : ComponentActivity> createAndroidComposeRule(effectContext: CoroutineContext = ...): AndroidComposeTestRule<ActivityScenarioRule<A>, A>' is deprecated. Use `androidx.compose.ui.test.junit4.v2.createAndroidComposeRule` instead. The v2 APIs use StandardTestDispatcher instead of UnconfinedTestDispatcher, which aligns with standard coroutine behavior by queuing tasks rather than executing them immediately. Tests relying on immediate execution may require explicit synchronization. Please refer to the migration guide for more details.
w: file:///home/zynergy-labs/Zynergy/forager-wt/topo-night/app/src/test/java/com/zynergylabs/forager/app/ui/availability/MapChromeResumedTest.kt:292:33 'fun <reified A : ComponentActivity> createAndroidComposeRule(effectContext: CoroutineContext = ...): AndroidComposeTestRule<ActivityScenarioRule<A>, A>' is deprecated. Use `androidx.compose.ui.test.junit4.v2.createAndroidComposeRule` instead. The v2 APIs use StandardTestDispatcher instead of UnconfinedTestDispatcher, which aligns with standard coroutine behavior by queuing tasks rather than executing them immediately. Tests relying on immediate execution may require explicit synchronization. Please refer to the migration guide for more details.
w: file:///home/zynergy-labs/Zynergy/forager-wt/topo-night/app/src/test/java/com/zynergylabs/forager/app/ui/availability/MarkerFanOutPlacementScreenTest.kt:67:31 'fun <reified A : ComponentActivity> createAndroidComposeRule(effectContext: CoroutineContext = ...): AndroidComposeTestRule<ActivityScenarioRule<A>, A>' is deprecated. Use `androidx.compose.ui.test.junit4.v2.createAndroidComposeRule` instead. The v2 APIs use StandardTestDispatcher instead of UnconfinedTestDispatcher, which aligns with standard coroutine behavior by queuing tasks rather than executing them immediately. Tests relying on immediate execution may require explicit synchronization. Please refer to the migration guide for more details.
w: file:///home/zynergy-labs/Zynergy/forager-wt/topo-night/app/src/test/java/com/zynergylabs/forager/app/ui/availability/OfflineDownloadConfirmationTest.kt:44:31 'fun createComposeRule(effectContext: CoroutineContext = ...): ComposeContentTestRule' is deprecated. Use `androidx.compose.ui.test.junit4.v2.createComposeRule` instead. The v2 APIs use StandardTestDispatcher instead of UnconfinedTestDispatcher, which aligns with standard coroutine behavior by queuing tasks rather than executing them immediately. Tests relying on immediate execution may require explicit synchronization. Please refer to the migration guide for more details.
w: file:///home/zynergy-labs/Zynergy/forager-wt/topo-night/app/src/test/java/com/zynergylabs/forager/app/ui/availability/OfflineMapsPanelPickerTest.kt:50:31 'fun createComposeRule(effectContext: CoroutineContext = ...): ComposeContentTestRule' is deprecated. Use `androidx.compose.ui.test.junit4.v2.createComposeRule` instead. The v2 APIs use StandardTestDispatcher instead of UnconfinedTestDispatcher, which aligns with standard coroutine behavior by queuing tasks rather than executing them immediately. Tests relying on immediate execution may require explicit synchronization. Please refer to the migration guide for more details.
w: file:///home/zynergy-labs/Zynergy/forager-wt/topo-night/app/src/test/java/com/zynergylabs/forager/app/ui/availability/OfflineNotDownloadedRegionTest.kt:28:31 'fun <reified A : ComponentActivity> createAndroidComposeRule(effectContext: CoroutineContext = ...): AndroidComposeTestRule<ActivityScenarioRule<A>, A>' is deprecated. Use `androidx.compose.ui.test.junit4.v2.createAndroidComposeRule` instead. The v2 APIs use StandardTestDispatcher instead of UnconfinedTestDispatcher, which aligns with standard coroutine behavior by queuing tasks rather than executing them immediately. Tests relying on immediate execution may require explicit synchronization. Please refer to the migration guide for more details.
w: file:///home/zynergy-labs/Zynergy/forager-wt/topo-night/app/src/test/java/com/zynergylabs/forager/app/ui/availability/OpenBackupSectionTest.kt:22:31 'fun <reified A : ComponentActivity> createAndroidComposeRule(effectContext: CoroutineContext = ...): AndroidComposeTestRule<ActivityScenarioRule<A>, A>' is deprecated. Use `androidx.compose.ui.test.junit4.v2.createAndroidComposeRule` instead. The v2 APIs use StandardTestDispatcher instead of UnconfinedTestDispatcher, which aligns with standard coroutine behavior by queuing tasks rather than executing them immediately. Tests relying on immediate execution may require explicit synchronization. Please refer to the migration guide for more details.
w: file:///home/zynergy-labs/Zynergy/forager-wt/topo-night/app/src/test/java/com/zynergylabs/forager/app/ui/availability/RestoreReturnsToMapTest.kt:49:31 'fun <reified A : ComponentActivity> createAndroidComposeRule(effectContext: CoroutineContext = ...): AndroidComposeTestRule<ActivityScenarioRule<A>, A>' is deprecated. Use `androidx.compose.ui.test.junit4.v2.createAndroidComposeRule` instead. The v2 APIs use StandardTestDispatcher instead of UnconfinedTestDispatcher, which aligns with standard coroutine behavior by queuing tasks rather than executing them immediately. Tests relying on immediate execution may require explicit synchronization. Please refer to the migration guide for more details.
w: file:///home/zynergy-labs/Zynergy/forager-wt/topo-night/app/src/test/java/com/zynergylabs/forager/app/ui/availability/SearchDropdownKeyboardTest.kt:42:31 'fun <reified A : ComponentActivity> createAndroidComposeRule(effectContext: CoroutineContext = ...): AndroidComposeTestRule<ActivityScenarioRule<A>, A>' is deprecated. Use `androidx.compose.ui.test.junit4.v2.createAndroidComposeRule` instead. The v2 APIs use StandardTestDispatcher instead of UnconfinedTestDispatcher, which aligns with standard coroutine behavior by queuing tasks rather than executing them immediately. Tests relying on immediate execution may require explicit synchronization. Please refer to the migration guide for more details.
w: file:///home/zynergy-labs/Zynergy/forager-wt/topo-night/app/src/test/java/com/zynergylabs/forager/app/ui/availability/SiblingDeletesReappearOnMapTest.kt:105:31 This declaration needs opt-in. Its usage should be marked with '@kotlinx.coroutines.ExperimentalCoroutinesApi' or '@OptIn(kotlinx.coroutines.ExperimentalCoroutinesApi::class)'
w: file:///home/zynergy-labs/Zynergy/forager-wt/topo-night/app/src/test/java/com/zynergylabs/forager/app/ui/availability/SiblingDeletesReappearOnMapTest.kt:108:34 This declaration needs opt-in. Its usage should be marked with '@kotlinx.coroutines.ExperimentalCoroutinesApi' or '@OptIn(kotlinx.coroutines.ExperimentalCoroutinesApi::class)'
w: file:///home/zynergy-labs/Zynergy/forager-wt/topo-night/app/src/test/java/com/zynergylabs/forager/app/ui/availability/SiblingDeletesReappearOnMapTest.kt:185:9 This declaration needs opt-in. Its usage should be marked with '@kotlinx.coroutines.ExperimentalCoroutinesApi' or '@OptIn(kotlinx.coroutines.ExperimentalCoroutinesApi::class)'
w: file:///home/zynergy-labs/Zynergy/forager-wt/topo-night/app/src/test/java/com/zynergylabs/forager/app/ui/availability/SiblingDeletesReappearOnMapTest.kt:187:9 This declaration needs opt-in. Its usage should be marked with '@kotlinx.coroutines.ExperimentalCoroutinesApi' or '@OptIn(kotlinx.coroutines.ExperimentalCoroutinesApi::class)'
w: file:///home/zynergy-labs/Zynergy/forager-wt/topo-night/app/src/test/java/com/zynergylabs/forager/app/ui/availability/SiblingDeletesReappearOnMapTest.kt:191:9 This declaration needs opt-in. Its usage should be marked with '@kotlinx.coroutines.ExperimentalCoroutinesApi' or '@OptIn(kotlinx.coroutines.ExperimentalCoroutinesApi::class)'
w: file:///home/zynergy-labs/Zynergy/forager-wt/topo-night/app/src/test/java/com/zynergylabs/forager/app/ui/availability/SiblingDeletesReappearOnMapTest.kt:195:9 This declaration needs opt-in. Its usage should be marked with '@kotlinx.coroutines.ExperimentalCoroutinesApi' or '@OptIn(kotlinx.coroutines.ExperimentalCoroutinesApi::class)'
w: file:///home/zynergy-labs/Zynergy/forager-wt/topo-night/app/src/test/java/com/zynergylabs/forager/app/ui/availability/SiblingDeletesReappearOnMapTest.kt:204:9 This declaration needs opt-in. Its usage should be marked with '@kotlinx.coroutines.ExperimentalCoroutinesApi' or '@OptIn(kotlinx.coroutines.ExperimentalCoroutinesApi::class)'
w: file:///home/zynergy-labs/Zynergy/forager-wt/topo-night/app/src/test/java/com/zynergylabs/forager/app/ui/availability/SiblingDeletesReappearOnMapTest.kt:206:9 This declaration needs opt-in. Its usage should be marked with '@kotlinx.coroutines.ExperimentalCoroutinesApi' or '@OptIn(kotlinx.coroutines.ExperimentalCoroutinesApi::class)'
w: file:///home/zynergy-labs/Zynergy/forager-wt/topo-night/app/src/test/java/com/zynergylabs/forager/app/ui/availability/SiblingDeletesReappearOnMapTest.kt:209:9 This declaration needs opt-in. Its usage should be marked with '@kotlinx.coroutines.ExperimentalCoroutinesApi' or '@OptIn(kotlinx.coroutines.ExperimentalCoroutinesApi::class)'
w: file:///home/zynergy-labs/Zynergy/forager-wt/topo-night/app/src/test/java/com/zynergylabs/forager/app/ui/availability/SiblingDeletesReappearOnMapTest.kt:211:9 This declaration needs opt-in. Its usage should be marked with '@kotlinx.coroutines.ExperimentalCoroutinesApi' or '@OptIn(kotlinx.coroutines.ExperimentalCoroutinesApi::class)'
w: file:///home/zynergy-labs/Zynergy/forager-wt/topo-night/app/src/test/java/com/zynergylabs/forager/app/ui/availability/SiblingDeletesReappearOnMapTest.kt:220:9 This declaration needs opt-in. Its usage should be marked with '@kotlinx.coroutines.ExperimentalCoroutinesApi' or '@OptIn(kotlinx.coroutines.ExperimentalCoroutinesApi::class)'
w: file:///home/zynergy-labs/Zynergy/forager-wt/topo-night/app/src/test/java/com/zynergylabs/forager/app/ui/availability/SiblingDeletesReappearOnMapTest.kt:228:9 This declaration needs opt-in. Its usage should be marked with '@kotlinx.coroutines.ExperimentalCoroutinesApi' or '@OptIn(kotlinx.coroutines.ExperimentalCoroutinesApi::class)'
w: file:///home/zynergy-labs/Zynergy/forager-wt/topo-night/app/src/test/java/com/zynergylabs/forager/app/ui/availability/SiblingDeletesReappearOnMapTest.kt:230:9 This declaration needs opt-in. Its usage should be marked with '@kotlinx.coroutines.ExperimentalCoroutinesApi' or '@OptIn(kotlinx.coroutines.ExperimentalCoroutinesApi::class)'
w: file:///home/zynergy-labs/Zynergy/forager-wt/topo-night/app/src/test/java/com/zynergylabs/forager/app/ui/availability/SiblingDeletesReappearOnMapTest.kt:232:9 This declaration needs opt-in. Its usage should be marked with '@kotlinx.coroutines.ExperimentalCoroutinesApi' or '@OptIn(kotlinx.coroutines.ExperimentalCoroutinesApi::class)'
w: file:///home/zynergy-labs/Zynergy/forager-wt/topo-night/app/src/test/java/com/zynergylabs/forager/app/ui/availability/SiblingDeletesReappearOnMapTest.kt:236:9 This declaration needs opt-in. Its usage should be marked with '@kotlinx.coroutines.ExperimentalCoroutinesApi' or '@OptIn(kotlinx.coroutines.ExperimentalCoroutinesApi::class)'
w: file:///home/zynergy-labs/Zynergy/forager-wt/topo-night/app/src/test/java/com/zynergylabs/forager/app/ui/availability/SiblingDeletesReappearOnMapTest.kt:245:9 This declaration needs opt-in. Its usage should be marked with '@kotlinx.coroutines.ExperimentalCoroutinesApi' or '@OptIn(kotlinx.coroutines.ExperimentalCoroutinesApi::class)'
w: file:///home/zynergy-labs/Zynergy/forager-wt/topo-night/app/src/test/java/com/zynergylabs/forager/app/ui/availability/SiblingDeletesReappearOnMapTest.kt:247:9 This declaration needs opt-in. Its usage should be marked with '@kotlinx.coroutines.ExperimentalCoroutinesApi' or '@OptIn(kotlinx.coroutines.ExperimentalCoroutinesApi::class)'
w: file:///home/zynergy-labs/Zynergy/forager-wt/topo-night/app/src/test/java/com/zynergylabs/forager/app/ui/availability/SiblingDeletesReappearOnMapTest.kt:249:9 This declaration needs opt-in. Its usage should be marked with '@kotlinx.coroutines.ExperimentalCoroutinesApi' or '@OptIn(kotlinx.coroutines.ExperimentalCoroutinesApi::class)'
w: file:///home/zynergy-labs/Zynergy/forager-wt/topo-night/app/src/test/java/com/zynergylabs/forager/app/ui/availability/SiblingDeletesReappearOnMapTest.kt:252:9 This declaration needs opt-in. Its usage should be marked with '@kotlinx.coroutines.ExperimentalCoroutinesApi' or '@OptIn(kotlinx.coroutines.ExperimentalCoroutinesApi::class)'
w: file:///home/zynergy-labs/Zynergy/forager-wt/topo-night/app/src/test/java/com/zynergylabs/forager/app/ui/availability/SiblingDeletesReappearOnMapTest.kt:261:9 This declaration needs opt-in. Its usage should be marked with '@kotlinx.coroutines.ExperimentalCoroutinesApi' or '@OptIn(kotlinx.coroutines.ExperimentalCoroutinesApi::class)'
w: file:///home/zynergy-labs/Zynergy/forager-wt/topo-night/app/src/test/java/com/zynergylabs/forager/app/ui/availability/SiblingDeletesReappearOnMapTest.kt:263:9 This declaration needs opt-in. Its usage should be marked with '@kotlinx.coroutines.ExperimentalCoroutinesApi' or '@OptIn(kotlinx.coroutines.ExperimentalCoroutinesApi::class)'
w: file:///home/zynergy-labs/Zynergy/forager-wt/topo-night/app/src/test/java/com/zynergylabs/forager/app/ui/availability/SiblingDeletesReappearOnMapTest.kt:267:9 This declaration needs opt-in. Its usage should be marked with '@kotlinx.coroutines.ExperimentalCoroutinesApi' or '@OptIn(kotlinx.coroutines.ExperimentalCoroutinesApi::class)'
w: file:///home/zynergy-labs/Zynergy/forager-wt/topo-night/app/src/test/java/com/zynergylabs/forager/app/ui/availability/SiblingDeletesReappearOnMapTest.kt:278:9 This declaration needs opt-in. Its usage should be marked with '@kotlinx.coroutines.ExperimentalCoroutinesApi' or '@OptIn(kotlinx.coroutines.ExperimentalCoroutinesApi::class)'
w: file:///home/zynergy-labs/Zynergy/forager-wt/topo-night/app/src/test/java/com/zynergylabs/forager/app/ui/availability/SiblingDeletesReappearOnMapTest.kt:280:9 This declaration needs opt-in. Its usage should be marked with '@kotlinx.coroutines.ExperimentalCoroutinesApi' or '@OptIn(kotlinx.coroutines.ExperimentalCoroutinesApi::class)'
w: file:///home/zynergy-labs/Zynergy/forager-wt/topo-night/app/src/test/java/com/zynergylabs/forager/app/ui/availability/SiblingDeletesReappearOnMapTest.kt:284:9 This declaration needs opt-in. Its usage should be marked with '@kotlinx.coroutines.ExperimentalCoroutinesApi' or '@OptIn(kotlinx.coroutines.ExperimentalCoroutinesApi::class)'
w: file:///home/zynergy-labs/Zynergy/forager-wt/topo-night/app/src/test/java/com/zynergylabs/forager/app/ui/availability/SiblingDeletesReappearOnMapTest.kt:288:9 This declaration needs opt-in. Its usage should be marked with '@kotlinx.coroutines.ExperimentalCoroutinesApi' or '@OptIn(kotlinx.coroutines.ExperimentalCoroutinesApi::class)'
w: file:///home/zynergy-labs/Zynergy/forager-wt/topo-night/app/src/test/java/com/zynergylabs/forager/app/ui/availability/SiblingDeletesReappearOnMapTest.kt:297:9 This declaration needs opt-in. Its usage should be marked with '@kotlinx.coroutines.ExperimentalCoroutinesApi' or '@OptIn(kotlinx.coroutines.ExperimentalCoroutinesApi::class)'
w: file:///home/zynergy-labs/Zynergy/forager-wt/topo-night/app/src/test/java/com/zynergylabs/forager/app/ui/availability/SiblingDeletesReappearOnMapTest.kt:299:9 This declaration needs opt-in. Its usage should be marked with '@kotlinx.coroutines.ExperimentalCoroutinesApi' or '@OptIn(kotlinx.coroutines.ExperimentalCoroutinesApi::class)'
w: file:///home/zynergy-labs/Zynergy/forager-wt/topo-night/app/src/test/java/com/zynergylabs/forager/app/ui/availability/SiblingDeletesReappearOnMapTest.kt:302:9 This declaration needs opt-in. Its usage should be marked with '@kotlinx.coroutines.ExperimentalCoroutinesApi' or '@OptIn(kotlinx.coroutines.ExperimentalCoroutinesApi::class)'
w: file:///home/zynergy-labs/Zynergy/forager-wt/topo-night/app/src/test/java/com/zynergylabs/forager/app/ui/availability/SiblingDeletesReappearOnMapTest.kt:304:9 This declaration needs opt-in. Its usage should be marked with '@kotlinx.coroutines.ExperimentalCoroutinesApi' or '@OptIn(kotlinx.coroutines.ExperimentalCoroutinesApi::class)'
w: file:///home/zynergy-labs/Zynergy/forager-wt/topo-night/app/src/test/java/com/zynergylabs/forager/app/ui/availability/SiblingDeletesReappearOnMapTest.kt:313:9 This declaration needs opt-in. Its usage should be marked with '@kotlinx.coroutines.ExperimentalCoroutinesApi' or '@OptIn(kotlinx.coroutines.ExperimentalCoroutinesApi::class)'
w: file:///home/zynergy-labs/Zynergy/forager-wt/topo-night/app/src/test/java/com/zynergylabs/forager/app/ui/availability/SiblingDeletesReappearOnMapTest.kt:321:9 This declaration needs opt-in. Its usage should be marked with '@kotlinx.coroutines.ExperimentalCoroutinesApi' or '@OptIn(kotlinx.coroutines.ExperimentalCoroutinesApi::class)'
w: file:///home/zynergy-labs/Zynergy/forager-wt/topo-night/app/src/test/java/com/zynergylabs/forager/app/ui/availability/SiblingDeletesReappearOnMapTest.kt:323:9 This declaration needs opt-in. Its usage should be marked with '@kotlinx.coroutines.ExperimentalCoroutinesApi' or '@OptIn(kotlinx.coroutines.ExperimentalCoroutinesApi::class)'
w: file:///home/zynergy-labs/Zynergy/forager-wt/topo-night/app/src/test/java/com/zynergylabs/forager/app/ui/availability/SiblingDeletesReappearOnMapTest.kt:325:9 This declaration needs opt-in. Its usage should be marked with '@kotlinx.coroutines.ExperimentalCoroutinesApi' or '@OptIn(kotlinx.coroutines.ExperimentalCoroutinesApi::class)'
w: file:///home/zynergy-labs/Zynergy/forager-wt/topo-night/app/src/test/java/com/zynergylabs/forager/app/ui/availability/SiblingDeletesReappearOnMapTest.kt:329:9 This declaration needs opt-in. Its usage should be marked with '@kotlinx.coroutines.ExperimentalCoroutinesApi' or '@OptIn(kotlinx.coroutines.ExperimentalCoroutinesApi::class)'
w: file:///home/zynergy-labs/Zynergy/forager-wt/topo-night/app/src/test/java/com/zynergylabs/forager/app/ui/availability/SiblingDeletesReappearOnMapTest.kt:338:9 This declaration needs opt-in. Its usage should be marked with '@kotlinx.coroutines.ExperimentalCoroutinesApi' or '@OptIn(kotlinx.coroutines.ExperimentalCoroutinesApi::class)'
w: file:///home/zynergy-labs/Zynergy/forager-wt/topo-night/app/src/test/java/com/zynergylabs/forager/app/ui/availability/SiblingDeletesReappearOnMapTest.kt:340:9 This declaration needs opt-in. Its usage should be marked with '@kotlinx.coroutines.ExperimentalCoroutinesApi' or '@OptIn(kotlinx.coroutines.ExperimentalCoroutinesApi::class)'
w: file:///home/zynergy-labs/Zynergy/forager-wt/topo-night/app/src/test/java/com/zynergylabs/forager/app/ui/availability/SiblingDeletesReappearOnMapTest.kt:342:9 This declaration needs opt-in. Its usage should be marked with '@kotlinx.coroutines.ExperimentalCoroutinesApi' or '@OptIn(kotlinx.coroutines.ExperimentalCoroutinesApi::class)'
w: file:///home/zynergy-labs/Zynergy/forager-wt/topo-night/app/src/test/java/com/zynergylabs/forager/app/ui/availability/SiblingDeletesReappearOnMapTest.kt:345:9 This declaration needs opt-in. Its usage should be marked with '@kotlinx.coroutines.ExperimentalCoroutinesApi' or '@OptIn(kotlinx.coroutines.ExperimentalCoroutinesApi::class)'
w: file:///home/zynergy-labs/Zynergy/forager-wt/topo-night/app/src/test/java/com/zynergylabs/forager/app/ui/backup/RestoreLoadingPageTest.kt:48:31 'fun <reified A : ComponentActivity> createAndroidComposeRule(effectContext: CoroutineContext = ...): AndroidComposeTestRule<ActivityScenarioRule<A>, A>' is deprecated. Use `androidx.compose.ui.test.junit4.v2.createAndroidComposeRule` instead. The v2 APIs use StandardTestDispatcher instead of UnconfinedTestDispatcher, which aligns with standard coroutine behavior by queuing tasks rather than executing them immediately. Tests relying on immediate execution may require explicit synchronization. Please refer to the migration guide for more details.
w: file:///home/zynergy-labs/Zynergy/forager-wt/topo-night/app/src/test/java/com/zynergylabs/forager/app/ui/diagnostics/DiagnosticsPanelTest.kt:57:31 'fun <reified A : ComponentActivity> createAndroidComposeRule(effectContext: CoroutineContext = ...): AndroidComposeTestRule<ActivityScenarioRule<A>, A>' is deprecated. Use `androidx.compose.ui.test.junit4.v2.createAndroidComposeRule` instead. The v2 APIs use StandardTestDispatcher instead of UnconfinedTestDispatcher, which aligns with standard coroutine behavior by queuing tasks rather than executing them immediately. Tests relying on immediate execution may require explicit synchronization. Please refer to the migration guide for more details.
w: file:///home/zynergy-labs/Zynergy/forager-wt/topo-night/app/src/test/java/com/zynergylabs/forager/app/ui/diagnostics/DiagnosticsPanelTest.kt:162:29 'fun <T : Parcelable!> getParcelableExtra(p0: String!): T?' is deprecated. Deprecated in Java.
w: file:///home/zynergy-labs/Zynergy/forager-wt/topo-night/app/src/test/java/com/zynergylabs/forager/app/ui/diagnostics/DiagnosticsPanelTest.kt:165:25 'fun <T : Parcelable!> getParcelableExtra(p0: String!): T?' is deprecated. Deprecated in Java.
w: file:///home/zynergy-labs/Zynergy/forager-wt/topo-night/app/src/test/java/com/zynergylabs/forager/app/ui/diagnostics/DiagnosticsPanelTest.kt:182:29 'fun <T : Parcelable!> getParcelableExtra(p0: String!): T?' is deprecated. Deprecated in Java.
w: file:///home/zynergy-labs/Zynergy/forager-wt/topo-night/app/src/test/java/com/zynergylabs/forager/app/ui/diagnostics/DiagnosticsPanelTest.kt:185:25 'fun <T : Parcelable!> getParcelableExtra(p0: String!): T?' is deprecated. Deprecated in Java.
w: file:///home/zynergy-labs/Zynergy/forager-wt/topo-night/app/src/test/java/com/zynergylabs/forager/app/ui/diagnostics/DiagnosticsSyntheticForecastSwitchTest.kt:46:31 'fun <reified A : ComponentActivity> createAndroidComposeRule(effectContext: CoroutineContext = ...): AndroidComposeTestRule<ActivityScenarioRule<A>, A>' is deprecated. Use `androidx.compose.ui.test.junit4.v2.createAndroidComposeRule` instead. The v2 APIs use StandardTestDispatcher instead of UnconfinedTestDispatcher, which aligns with standard coroutine behavior by queuing tasks rather than executing them immediately. Tests relying on immediate execution may require explicit synchronization. Please refer to the migration guide for more details.
w: file:///home/zynergy-labs/Zynergy/forager-wt/topo-night/app/src/test/java/com/zynergylabs/forager/app/ui/log/CameraAbsenceWatcherTest.kt:43:31 'fun createComposeRule(effectContext: CoroutineContext = ...): ComposeContentTestRule' is deprecated. Use `androidx.compose.ui.test.junit4.v2.createComposeRule` instead. The v2 APIs use StandardTestDispatcher instead of UnconfinedTestDispatcher, which aligns with standard coroutine behavior by queuing tasks rather than executing them immediately. Tests relying on immediate execution may require explicit synchronization. Please refer to the migration guide for more details.
w: file:///home/zynergy-labs/Zynergy/forager-wt/topo-night/app/src/test/java/com/zynergylabs/forager/app/ui/log/CameraAbsenceWatcherTest.kt:55:78 This declaration needs opt-in. Its usage should be marked with '@kotlinx.coroutines.ExperimentalCoroutinesApi' or '@OptIn(kotlinx.coroutines.ExperimentalCoroutinesApi::class)'
w: file:///home/zynergy-labs/Zynergy/forager-wt/topo-night/app/src/test/java/com/zynergylabs/forager/app/ui/log/CameraFlashChipTest.kt:40:31 'fun <reified A : ComponentActivity> createAndroidComposeRule(effectContext: CoroutineContext = ...): AndroidComposeTestRule<ActivityScenarioRule<A>, A>' is deprecated. Use `androidx.compose.ui.test.junit4.v2.createAndroidComposeRule` instead. The v2 APIs use StandardTestDispatcher instead of UnconfinedTestDispatcher, which aligns with standard coroutine behavior by queuing tasks rather than executing them immediately. Tests relying on immediate execution may require explicit synchronization. Please refer to the migration guide for more details.
w: file:///home/zynergy-labs/Zynergy/forager-wt/topo-night/app/src/test/java/com/zynergylabs/forager/app/ui/log/CameraGridChipTest.kt:49:31 'fun <reified A : ComponentActivity> createAndroidComposeRule(effectContext: CoroutineContext = ...): AndroidComposeTestRule<ActivityScenarioRule<A>, A>' is deprecated. Use `androidx.compose.ui.test.junit4.v2.createAndroidComposeRule` instead. The v2 APIs use StandardTestDispatcher instead of UnconfinedTestDispatcher, which aligns with standard coroutine behavior by queuing tasks rather than executing them immediately. Tests relying on immediate execution may require explicit synchronization. Please refer to the migration guide for more details.
w: file:///home/zynergy-labs/Zynergy/forager-wt/topo-night/app/src/test/java/com/zynergylabs/forager/app/ui/log/CameraGridOverlayTest.kt:37:31 'fun <reified A : ComponentActivity> createAndroidComposeRule(effectContext: CoroutineContext = ...): AndroidComposeTestRule<ActivityScenarioRule<A>, A>' is deprecated. Use `androidx.compose.ui.test.junit4.v2.createAndroidComposeRule` instead. The v2 APIs use StandardTestDispatcher instead of UnconfinedTestDispatcher, which aligns with standard coroutine behavior by queuing tasks rather than executing them immediately. Tests relying on immediate execution may require explicit synchronization. Please refer to the migration guide for more details.
w: file:///home/zynergy-labs/Zynergy/forager-wt/topo-night/app/src/test/java/com/zynergylabs/forager/app/ui/log/CameraLevelLineTest.kt:46:31 'fun <reified A : ComponentActivity> createAndroidComposeRule(effectContext: CoroutineContext = ...): AndroidComposeTestRule<ActivityScenarioRule<A>, A>' is deprecated. Use `androidx.compose.ui.test.junit4.v2.createAndroidComposeRule` instead. The v2 APIs use StandardTestDispatcher instead of UnconfinedTestDispatcher, which aligns with standard coroutine behavior by queuing tasks rather than executing them immediately. Tests relying on immediate execution may require explicit synchronization. Please refer to the migration guide for more details.
w: file:///home/zynergy-labs/Zynergy/forager-wt/topo-night/app/src/test/java/com/zynergylabs/forager/app/ui/log/CameraStripTest.kt:41:31 'fun createComposeRule(effectContext: CoroutineContext = ...): ComposeContentTestRule' is deprecated. Use `androidx.compose.ui.test.junit4.v2.createComposeRule` instead. The v2 APIs use StandardTestDispatcher instead of UnconfinedTestDispatcher, which aligns with standard coroutine behavior by queuing tasks rather than executing them immediately. Tests relying on immediate execution may require explicit synchronization. Please refer to the migration guide for more details.
w: file:///home/zynergy-labs/Zynergy/forager-wt/topo-night/app/src/test/java/com/zynergylabs/forager/app/ui/log/CartographyEntryMapLayersTest.kt:55:31 'fun createComposeRule(effectContext: CoroutineContext = ...): ComposeContentTestRule' is deprecated. Use `androidx.compose.ui.test.junit4.v2.createComposeRule` instead. The v2 APIs use StandardTestDispatcher instead of UnconfinedTestDispatcher, which aligns with standard coroutine behavior by queuing tasks rather than executing them immediately. Tests relying on immediate execution may require explicit synchronization. Please refer to the migration guide for more details.
w: file:///home/zynergy-labs/Zynergy/forager-wt/topo-night/app/src/test/java/com/zynergylabs/forager/app/ui/log/CartographyEntryPendingDeleteTest.kt:67:21 This declaration needs opt-in. Its usage should be marked with '@kotlinx.coroutines.ExperimentalCoroutinesApi' or '@OptIn(kotlinx.coroutines.ExperimentalCoroutinesApi::class)'
w: file:///home/zynergy-labs/Zynergy/forager-wt/topo-night/app/src/test/java/com/zynergylabs/forager/app/ui/log/CartographyEntryPendingDeleteTest.kt:78:21 This declaration needs opt-in. Its usage should be marked with '@kotlinx.coroutines.ExperimentalCoroutinesApi' or '@OptIn(kotlinx.coroutines.ExperimentalCoroutinesApi::class)'
w: file:///home/zynergy-labs/Zynergy/forager-wt/topo-night/app/src/test/java/com/zynergylabs/forager/app/ui/log/CartographyEntryPendingDeleteTest.kt:111:9 This declaration needs opt-in. Its usage should be marked with '@kotlinx.coroutines.ExperimentalCoroutinesApi' or '@OptIn(kotlinx.coroutines.ExperimentalCoroutinesApi::class)'
w: file:///home/zynergy-labs/Zynergy/forager-wt/topo-night/app/src/test/java/com/zynergylabs/forager/app/ui/log/CartographyEntryPendingDeleteTest.kt:122:9 This declaration needs opt-in. Its usage should be marked with '@kotlinx.coroutines.ExperimentalCoroutinesApi' or '@OptIn(kotlinx.coroutines.ExperimentalCoroutinesApi::class)'
w: file:///home/zynergy-labs/Zynergy/forager-wt/topo-night/app/src/test/java/com/zynergylabs/forager/app/ui/log/CartographyEntryPendingDeleteTest.kt:137:9 This declaration needs opt-in. Its usage should be marked with '@kotlinx.coroutines.ExperimentalCoroutinesApi' or '@OptIn(kotlinx.coroutines.ExperimentalCoroutinesApi::class)'
w: file:///home/zynergy-labs/Zynergy/forager-wt/topo-night/app/src/test/java/com/zynergylabs/forager/app/ui/log/CartographyEntryPendingDeleteTest.kt:151:9 This declaration needs opt-in. Its usage should be marked with '@kotlinx.coroutines.ExperimentalCoroutinesApi' or '@OptIn(kotlinx.coroutines.ExperimentalCoroutinesApi::class)'
w: file:///home/zynergy-labs/Zynergy/forager-wt/topo-night/app/src/test/java/com/zynergylabs/forager/app/ui/log/CartographyEntryPendingDeleteTest.kt:155:9 This declaration needs opt-in. Its usage should be marked with '@kotlinx.coroutines.ExperimentalCoroutinesApi' or '@OptIn(kotlinx.coroutines.ExperimentalCoroutinesApi::class)'
w: file:///home/zynergy-labs/Zynergy/forager-wt/topo-night/app/src/test/java/com/zynergylabs/forager/app/ui/log/CartographyEntryPendingDeleteTest.kt:167:9 This declaration needs opt-in. Its usage should be marked with '@kotlinx.coroutines.ExperimentalCoroutinesApi' or '@OptIn(kotlinx.coroutines.ExperimentalCoroutinesApi::class)'
w: file:///home/zynergy-labs/Zynergy/forager-wt/topo-night/app/src/test/java/com/zynergylabs/forager/app/ui/log/CartographyEntryPendingDeleteTest.kt:170:9 This declaration needs opt-in. Its usage should be marked with '@kotlinx.coroutines.ExperimentalCoroutinesApi' or '@OptIn(kotlinx.coroutines.ExperimentalCoroutinesApi::class)'
w: file:///home/zynergy-labs/Zynergy/forager-wt/topo-night/app/src/test/java/com/zynergylabs/forager/app/ui/log/CartographyEntryPendingDeleteTest.kt:172:9 This declaration needs opt-in. Its usage should be marked with '@kotlinx.coroutines.ExperimentalCoroutinesApi' or '@OptIn(kotlinx.coroutines.ExperimentalCoroutinesApi::class)'
w: file:///home/zynergy-labs/Zynergy/forager-wt/topo-night/app/src/test/java/com/zynergylabs/forager/app/ui/log/CartographyEntryPendingDeleteTest.kt:185:9 This declaration needs opt-in. Its usage should be marked with '@kotlinx.coroutines.ExperimentalCoroutinesApi' or '@OptIn(kotlinx.coroutines.ExperimentalCoroutinesApi::class)'
w: file:///home/zynergy-labs/Zynergy/forager-wt/topo-night/app/src/test/java/com/zynergylabs/forager/app/ui/log/CartographyEntryPendingDeleteTest.kt:188:9 This declaration needs opt-in. Its usage should be marked with '@kotlinx.coroutines.ExperimentalCoroutinesApi' or '@OptIn(kotlinx.coroutines.ExperimentalCoroutinesApi::class)'
w: file:///home/zynergy-labs/Zynergy/forager-wt/topo-night/app/src/test/java/com/zynergylabs/forager/app/ui/log/CartographyEntryPendingDeleteTest.kt:205:9 This declaration needs opt-in. Its usage should be marked with '@kotlinx.coroutines.ExperimentalCoroutinesApi' or '@OptIn(kotlinx.coroutines.ExperimentalCoroutinesApi::class)'
w: file:///home/zynergy-labs/Zynergy/forager-wt/topo-night/app/src/test/java/com/zynergylabs/forager/app/ui/log/CartographyEntryPendingDeleteTest.kt:207:9 This declaration needs opt-in. Its usage should be marked with '@kotlinx.coroutines.ExperimentalCoroutinesApi' or '@OptIn(kotlinx.coroutines.ExperimentalCoroutinesApi::class)'
w: file:///home/zynergy-labs/Zynergy/forager-wt/topo-night/app/src/test/java/com/zynergylabs/forager/app/ui/log/CartographyEntryPendingDeleteTest.kt:211:9 This declaration needs opt-in. Its usage should be marked with '@kotlinx.coroutines.ExperimentalCoroutinesApi' or '@OptIn(kotlinx.coroutines.ExperimentalCoroutinesApi::class)'
w: file:///home/zynergy-labs/Zynergy/forager-wt/topo-night/app/src/test/java/com/zynergylabs/forager/app/ui/log/CartographyEntryPendingDeleteTest.kt:221:9 This declaration needs opt-in. Its usage should be marked with '@kotlinx.coroutines.ExperimentalCoroutinesApi' or '@OptIn(kotlinx.coroutines.ExperimentalCoroutinesApi::class)'
w: file:///home/zynergy-labs/Zynergy/forager-wt/topo-night/app/src/test/java/com/zynergylabs/forager/app/ui/log/CartographyEntryPendingDeleteTest.kt:225:9 This declaration needs opt-in. Its usage should be marked with '@kotlinx.coroutines.ExperimentalCoroutinesApi' or '@OptIn(kotlinx.coroutines.ExperimentalCoroutinesApi::class)'
w: file:///home/zynergy-labs/Zynergy/forager-wt/topo-night/app/src/test/java/com/zynergylabs/forager/app/ui/log/CartographyEntryPendingDeleteTest.kt:238:9 This declaration needs opt-in. Its usage should be marked with '@kotlinx.coroutines.ExperimentalCoroutinesApi' or '@OptIn(kotlinx.coroutines.ExperimentalCoroutinesApi::class)'
w: file:///home/zynergy-labs/Zynergy/forager-wt/topo-night/app/src/test/java/com/zynergylabs/forager/app/ui/log/CartographyEntryReportScreenFullscreenTest.kt:62:31 'fun createComposeRule(effectContext: CoroutineContext = ...): ComposeContentTestRule' is deprecated. Use `androidx.compose.ui.test.junit4.v2.createComposeRule` instead. The v2 APIs use StandardTestDispatcher instead of UnconfinedTestDispatcher, which aligns with standard coroutine behavior by queuing tasks rather than executing them immediately. Tests relying on immediate execution may require explicit synchronization. Please refer to the migration guide for more details.
w: file:///home/zynergy-labs/Zynergy/forager-wt/topo-night/app/src/test/java/com/zynergylabs/forager/app/ui/log/CartographyEntryReportScreenMapTest.kt:58:31 'fun createComposeRule(effectContext: CoroutineContext = ...): ComposeContentTestRule' is deprecated. Use `androidx.compose.ui.test.junit4.v2.createComposeRule` instead. The v2 APIs use StandardTestDispatcher instead of UnconfinedTestDispatcher, which aligns with standard coroutine behavior by queuing tasks rather than executing them immediately. Tests relying on immediate execution may require explicit synchronization. Please refer to the migration guide for more details.
w: file:///home/zynergy-labs/Zynergy/forager-wt/topo-night/app/src/test/java/com/zynergylabs/forager/app/ui/log/CartographyEntryReportScreenTest.kt:47:31 'fun createComposeRule(effectContext: CoroutineContext = ...): ComposeContentTestRule' is deprecated. Use `androidx.compose.ui.test.junit4.v2.createComposeRule` instead. The v2 APIs use StandardTestDispatcher instead of UnconfinedTestDispatcher, which aligns with standard coroutine behavior by queuing tasks rather than executing them immediately. Tests relying on immediate execution may require explicit synchronization. Please refer to the migration guide for more details.
w: file:///home/zynergy-labs/Zynergy/forager-wt/topo-night/app/src/test/java/com/zynergylabs/forager/app/ui/log/CartographyScreenTest.kt:47:31 'fun createComposeRule(effectContext: CoroutineContext = ...): ComposeContentTestRule' is deprecated. Use `androidx.compose.ui.test.junit4.v2.createComposeRule` instead. The v2 APIs use StandardTestDispatcher instead of UnconfinedTestDispatcher, which aligns with standard coroutine behavior by queuing tasks rather than executing them immediately. Tests relying on immediate execution may require explicit synchronization. Please refer to the migration guide for more details.
w: file:///home/zynergy-labs/Zynergy/forager-wt/topo-night/app/src/test/java/com/zynergylabs/forager/app/ui/log/CartographyViewModelTest.kt:89:21 This declaration needs opt-in. Its usage should be marked with '@kotlinx.coroutines.ExperimentalCoroutinesApi' or '@OptIn(kotlinx.coroutines.ExperimentalCoroutinesApi::class)'
w: file:///home/zynergy-labs/Zynergy/forager-wt/topo-night/app/src/test/java/com/zynergylabs/forager/app/ui/log/CartographyViewModelTest.kt:132:21 This declaration needs opt-in. Its usage should be marked with '@kotlinx.coroutines.ExperimentalCoroutinesApi' or '@OptIn(kotlinx.coroutines.ExperimentalCoroutinesApi::class)'
w: file:///home/zynergy-labs/Zynergy/forager-wt/topo-night/app/src/test/java/com/zynergylabs/forager/app/ui/log/CartographyViewModelTest.kt:140:9 This declaration needs opt-in. Its usage should be marked with '@kotlinx.coroutines.ExperimentalCoroutinesApi' or '@OptIn(kotlinx.coroutines.ExperimentalCoroutinesApi::class)'
w: file:///home/zynergy-labs/Zynergy/forager-wt/topo-night/app/src/test/java/com/zynergylabs/forager/app/ui/log/CartographyViewModelTest.kt:172:9 This declaration needs opt-in. Its usage should be marked with '@kotlinx.coroutines.ExperimentalCoroutinesApi' or '@OptIn(kotlinx.coroutines.ExperimentalCoroutinesApi::class)'
w: file:///home/zynergy-labs/Zynergy/forager-wt/topo-night/app/src/test/java/com/zynergylabs/forager/app/ui/log/CartographyViewModelTest.kt:188:9 This declaration needs opt-in. Its usage should be marked with '@kotlinx.coroutines.ExperimentalCoroutinesApi' or '@OptIn(kotlinx.coroutines.ExperimentalCoroutinesApi::class)'
w: file:///home/zynergy-labs/Zynergy/forager-wt/topo-night/app/src/test/java/com/zynergylabs/forager/app/ui/log/CartographyViewModelTest.kt:192:9 This declaration needs opt-in. Its usage should be marked with '@kotlinx.coroutines.ExperimentalCoroutinesApi' or '@OptIn(kotlinx.coroutines.ExperimentalCoroutinesApi::class)'
w: file:///home/zynergy-labs/Zynergy/forager-wt/topo-night/app/src/test/java/com/zynergylabs/forager/app/ui/log/CartographyViewModelTest.kt:200:9 This declaration needs opt-in. Its usage should be marked with '@kotlinx.coroutines.ExperimentalCoroutinesApi' or '@OptIn(kotlinx.coroutines.ExperimentalCoroutinesApi::class)'
w: file:///home/zynergy-labs/Zynergy/forager-wt/topo-night/app/src/test/java/com/zynergylabs/forager/app/ui/log/CartographyViewModelTest.kt:212:9 This declaration needs opt-in. Its usage should be marked with '@kotlinx.coroutines.ExperimentalCoroutinesApi' or '@OptIn(kotlinx.coroutines.ExperimentalCoroutinesApi::class)'
w: file:///home/zynergy-labs/Zynergy/forager-wt/topo-night/app/src/test/java/com/zynergylabs/forager/app/ui/log/CartographyViewModelTest.kt:216:9 This declaration needs opt-in. Its usage should be marked with '@kotlinx.coroutines.ExperimentalCoroutinesApi' or '@OptIn(kotlinx.coroutines.ExperimentalCoroutinesApi::class)'
w: file:///home/zynergy-labs/Zynergy/forager-wt/topo-night/app/src/test/java/com/zynergylabs/forager/app/ui/log/CartographyViewModelTest.kt:233:9 This declaration needs opt-in. Its usage should be marked with '@kotlinx.coroutines.ExperimentalCoroutinesApi' or '@OptIn(kotlinx.coroutines.ExperimentalCoroutinesApi::class)'
w: file:///home/zynergy-labs/Zynergy/forager-wt/topo-night/app/src/test/java/com/zynergylabs/forager/app/ui/log/CartographyViewModelTest.kt:253:9 This declaration needs opt-in. Its usage should be marked with '@kotlinx.coroutines.ExperimentalCoroutinesApi' or '@OptIn(kotlinx.coroutines.ExperimentalCoroutinesApi::class)'
w: file:///home/zynergy-labs/Zynergy/forager-wt/topo-night/app/src/test/java/com/zynergylabs/forager/app/ui/log/CartographyViewModelTest.kt:267:9 This declaration needs opt-in. Its usage should be marked with '@kotlinx.coroutines.ExperimentalCoroutinesApi' or '@OptIn(kotlinx.coroutines.ExperimentalCoroutinesApi::class)'
w: file:///home/zynergy-labs/Zynergy/forager-wt/topo-night/app/src/test/java/com/zynergylabs/forager/app/ui/log/CartographyViewModelTest.kt:273:9 This declaration needs opt-in. Its usage should be marked with '@kotlinx.coroutines.ExperimentalCoroutinesApi' or '@OptIn(kotlinx.coroutines.ExperimentalCoroutinesApi::class)'
w: file:///home/zynergy-labs/Zynergy/forager-wt/topo-night/app/src/test/java/com/zynergylabs/forager/app/ui/log/CartographyViewModelTest.kt:294:9 This declaration needs opt-in. Its usage should be marked with '@kotlinx.coroutines.ExperimentalCoroutinesApi' or '@OptIn(kotlinx.coroutines.ExperimentalCoroutinesApi::class)'
w: file:///home/zynergy-labs/Zynergy/forager-wt/topo-night/app/src/test/java/com/zynergylabs/forager/app/ui/log/CartographyViewModelTest.kt:308:9 This declaration needs opt-in. Its usage should be marked with '@kotlinx.coroutines.ExperimentalCoroutinesApi' or '@OptIn(kotlinx.coroutines.ExperimentalCoroutinesApi::class)'
w: file:///home/zynergy-labs/Zynergy/forager-wt/topo-night/app/src/test/java/com/zynergylabs/forager/app/ui/log/CartographyViewModelTest.kt:328:9 This declaration needs opt-in. Its usage should be marked with '@kotlinx.coroutines.ExperimentalCoroutinesApi' or '@OptIn(kotlinx.coroutines.ExperimentalCoroutinesApi::class)'
w: file:///home/zynergy-labs/Zynergy/forager-wt/topo-night/app/src/test/java/com/zynergylabs/forager/app/ui/log/CartographyViewModelTest.kt:333:9 This declaration needs opt-in. Its usage should be marked with '@kotlinx.coroutines.ExperimentalCoroutinesApi' or '@OptIn(kotlinx.coroutines.ExperimentalCoroutinesApi::class)'
w: file:///home/zynergy-labs/Zynergy/forager-wt/topo-night/app/src/test/java/com/zynergylabs/forager/app/ui/log/CartographyViewModelTest.kt:347:9 This declaration needs opt-in. Its usage should be marked with '@kotlinx.coroutines.ExperimentalCoroutinesApi' or '@OptIn(kotlinx.coroutines.ExperimentalCoroutinesApi::class)'
w: file:///home/zynergy-labs/Zynergy/forager-wt/topo-night/app/src/test/java/com/zynergylabs/forager/app/ui/log/CartographyViewModelTest.kt:351:9 This declaration needs opt-in. Its usage should be marked with '@kotlinx.coroutines.ExperimentalCoroutinesApi' or '@OptIn(kotlinx.coroutines.ExperimentalCoroutinesApi::class)'
w: file:///home/zynergy-labs/Zynergy/forager-wt/topo-night/app/src/test/java/com/zynergylabs/forager/app/ui/log/CartographyViewModelTest.kt:373:9 This declaration needs opt-in. Its usage should be marked with '@kotlinx.coroutines.ExperimentalCoroutinesApi' or '@OptIn(kotlinx.coroutines.ExperimentalCoroutinesApi::class)'
w: file:///home/zynergy-labs/Zynergy/forager-wt/topo-night/app/src/test/java/com/zynergylabs/forager/app/ui/log/CartographyViewModelTest.kt:376:9 This declaration needs opt-in. Its usage should be marked with '@kotlinx.coroutines.ExperimentalCoroutinesApi' or '@OptIn(kotlinx.coroutines.ExperimentalCoroutinesApi::class)'
w: file:///home/zynergy-labs/Zynergy/forager-wt/topo-night/app/src/test/java/com/zynergylabs/forager/app/ui/log/CartographyViewModelTest.kt:379:9 This declaration needs opt-in. Its usage should be marked with '@kotlinx.coroutines.ExperimentalCoroutinesApi' or '@OptIn(kotlinx.coroutines.ExperimentalCoroutinesApi::class)'
w: file:///home/zynergy-labs/Zynergy/forager-wt/topo-night/app/src/test/java/com/zynergylabs/forager/app/ui/log/CartographyViewModelTest.kt:384:9 This declaration needs opt-in. Its usage should be marked with '@kotlinx.coroutines.ExperimentalCoroutinesApi' or '@OptIn(kotlinx.coroutines.ExperimentalCoroutinesApi::class)'
w: file:///home/zynergy-labs/Zynergy/forager-wt/topo-night/app/src/test/java/com/zynergylabs/forager/app/ui/log/CartographyViewModelTest.kt:406:9 This declaration needs opt-in. Its usage should be marked with '@kotlinx.coroutines.ExperimentalCoroutinesApi' or '@OptIn(kotlinx.coroutines.ExperimentalCoroutinesApi::class)'
w: file:///home/zynergy-labs/Zynergy/forager-wt/topo-night/app/src/test/java/com/zynergylabs/forager/app/ui/log/CartographyViewModelTest.kt:409:9 This declaration needs opt-in. Its usage should be marked with '@kotlinx.coroutines.ExperimentalCoroutinesApi' or '@OptIn(kotlinx.coroutines.ExperimentalCoroutinesApi::class)'
w: file:///home/zynergy-labs/Zynergy/forager-wt/topo-night/app/src/test/java/com/zynergylabs/forager/app/ui/log/CartographyViewModelTest.kt:428:9 This declaration needs opt-in. Its usage should be marked with '@kotlinx.coroutines.ExperimentalCoroutinesApi' or '@OptIn(kotlinx.coroutines.ExperimentalCoroutinesApi::class)'
w: file:///home/zynergy-labs/Zynergy/forager-wt/topo-night/app/src/test/java/com/zynergylabs/forager/app/ui/log/CartographyViewModelTest.kt:430:9 This declaration needs opt-in. Its usage should be marked with '@kotlinx.coroutines.ExperimentalCoroutinesApi' or '@OptIn(kotlinx.coroutines.ExperimentalCoroutinesApi::class)'
w: file:///home/zynergy-labs/Zynergy/forager-wt/topo-night/app/src/test/java/com/zynergylabs/forager/app/ui/log/CartographyViewModelTest.kt:434:9 This declaration needs opt-in. Its usage should be marked with '@kotlinx.coroutines.ExperimentalCoroutinesApi' or '@OptIn(kotlinx.coroutines.ExperimentalCoroutinesApi::class)'
w: file:///home/zynergy-labs/Zynergy/forager-wt/topo-night/app/src/test/java/com/zynergylabs/forager/app/ui/log/CartographyViewModelTest.kt:442:9 This declaration needs opt-in. Its usage should be marked with '@kotlinx.coroutines.ExperimentalCoroutinesApi' or '@OptIn(kotlinx.coroutines.ExperimentalCoroutinesApi::class)'
w: file:///home/zynergy-labs/Zynergy/forager-wt/topo-night/app/src/test/java/com/zynergylabs/forager/app/ui/log/CartographyViewModelTest.kt:446:9 This declaration needs opt-in. Its usage should be marked with '@kotlinx.coroutines.ExperimentalCoroutinesApi' or '@OptIn(kotlinx.coroutines.ExperimentalCoroutinesApi::class)'
w: file:///home/zynergy-labs/Zynergy/forager-wt/topo-night/app/src/test/java/com/zynergylabs/forager/app/ui/log/CartographyViewModelTest.kt:464:9 This declaration needs opt-in. Its usage should be marked with '@kotlinx.coroutines.ExperimentalCoroutinesApi' or '@OptIn(kotlinx.coroutines.ExperimentalCoroutinesApi::class)'
w: file:///home/zynergy-labs/Zynergy/forager-wt/topo-night/app/src/test/java/com/zynergylabs/forager/app/ui/log/CartographyViewModelTest.kt:468:9 This declaration needs opt-in. Its usage should be marked with '@kotlinx.coroutines.ExperimentalCoroutinesApi' or '@OptIn(kotlinx.coroutines.ExperimentalCoroutinesApi::class)'
w: file:///home/zynergy-labs/Zynergy/forager-wt/topo-night/app/src/test/java/com/zynergylabs/forager/app/ui/log/CartographyViewModelTest.kt:472:9 This declaration needs opt-in. Its usage should be marked with '@kotlinx.coroutines.ExperimentalCoroutinesApi' or '@OptIn(kotlinx.coroutines.ExperimentalCoroutinesApi::class)'
w: file:///home/zynergy-labs/Zynergy/forager-wt/topo-night/app/src/test/java/com/zynergylabs/forager/app/ui/log/CartographyViewModelTest.kt:491:9 This declaration needs opt-in. Its usage should be marked with '@kotlinx.coroutines.ExperimentalCoroutinesApi' or '@OptIn(kotlinx.coroutines.ExperimentalCoroutinesApi::class)'
w: file:///home/zynergy-labs/Zynergy/forager-wt/topo-night/app/src/test/java/com/zynergylabs/forager/app/ui/log/CartographyViewModelTest.kt:520:9 This declaration needs opt-in. Its usage should be marked with '@kotlinx.coroutines.ExperimentalCoroutinesApi' or '@OptIn(kotlinx.coroutines.ExperimentalCoroutinesApi::class)'
w: file:///home/zynergy-labs/Zynergy/forager-wt/topo-night/app/src/test/java/com/zynergylabs/forager/app/ui/log/CartographyViewModelTest.kt:524:9 This declaration needs opt-in. Its usage should be marked with '@kotlinx.coroutines.ExperimentalCoroutinesApi' or '@OptIn(kotlinx.coroutines.ExperimentalCoroutinesApi::class)'
w: file:///home/zynergy-labs/Zynergy/forager-wt/topo-night/app/src/test/java/com/zynergylabs/forager/app/ui/log/CartographyViewModelTest.kt:527:9 This declaration needs opt-in. Its usage should be marked with '@kotlinx.coroutines.ExperimentalCoroutinesApi' or '@OptIn(kotlinx.coroutines.ExperimentalCoroutinesApi::class)'
w: file:///home/zynergy-labs/Zynergy/forager-wt/topo-night/app/src/test/java/com/zynergylabs/forager/app/ui/log/CartographyViewModelTest.kt:531:9 This declaration needs opt-in. Its usage should be marked with '@kotlinx.coroutines.ExperimentalCoroutinesApi' or '@OptIn(kotlinx.coroutines.ExperimentalCoroutinesApi::class)'
w: file:///home/zynergy-labs/Zynergy/forager-wt/topo-night/app/src/test/java/com/zynergylabs/forager/app/ui/log/CartographyViewModelTest.kt:551:9 This declaration needs opt-in. Its usage should be marked with '@kotlinx.coroutines.ExperimentalCoroutinesApi' or '@OptIn(kotlinx.coroutines.ExperimentalCoroutinesApi::class)'
w: file:///home/zynergy-labs/Zynergy/forager-wt/topo-night/app/src/test/java/com/zynergylabs/forager/app/ui/log/CartographyViewModelTest.kt:555:9 This declaration needs opt-in. Its usage should be marked with '@kotlinx.coroutines.ExperimentalCoroutinesApi' or '@OptIn(kotlinx.coroutines.ExperimentalCoroutinesApi::class)'
w: file:///home/zynergy-labs/Zynergy/forager-wt/topo-night/app/src/test/java/com/zynergylabs/forager/app/ui/log/CartographyViewModelTest.kt:578:9 This declaration needs opt-in. Its usage should be marked with '@kotlinx.coroutines.ExperimentalCoroutinesApi' or '@OptIn(kotlinx.coroutines.ExperimentalCoroutinesApi::class)'
w: file:///home/zynergy-labs/Zynergy/forager-wt/topo-night/app/src/test/java/com/zynergylabs/forager/app/ui/log/CartographyViewModelTest.kt:582:9 This declaration needs opt-in. Its usage should be marked with '@kotlinx.coroutines.ExperimentalCoroutinesApi' or '@OptIn(kotlinx.coroutines.ExperimentalCoroutinesApi::class)'
w: file:///home/zynergy-labs/Zynergy/forager-wt/topo-night/app/src/test/java/com/zynergylabs/forager/app/ui/log/CartographyViewModelTest.kt:585:9 This declaration needs opt-in. Its usage should be marked with '@kotlinx.coroutines.ExperimentalCoroutinesApi' or '@OptIn(kotlinx.coroutines.ExperimentalCoroutinesApi::class)'
w: file:///home/zynergy-labs/Zynergy/forager-wt/topo-night/app/src/test/java/com/zynergylabs/forager/app/ui/log/CartographyViewModelTest.kt:589:9 This declaration needs opt-in. Its usage should be marked with '@kotlinx.coroutines.ExperimentalCoroutinesApi' or '@OptIn(kotlinx.coroutines.ExperimentalCoroutinesApi::class)'
w: file:///home/zynergy-labs/Zynergy/forager-wt/topo-night/app/src/test/java/com/zynergylabs/forager/app/ui/log/CartographyViewModelTest.kt:614:9 This declaration needs opt-in. Its usage should be marked with '@kotlinx.coroutines.ExperimentalCoroutinesApi' or '@OptIn(kotlinx.coroutines.ExperimentalCoroutinesApi::class)'
w: file:///home/zynergy-labs/Zynergy/forager-wt/topo-night/app/src/test/java/com/zynergylabs/forager/app/ui/log/CartographyViewModelTest.kt:618:9 This declaration needs opt-in. Its usage should be marked with '@kotlinx.coroutines.ExperimentalCoroutinesApi' or '@OptIn(kotlinx.coroutines.ExperimentalCoroutinesApi::class)'
w: file:///home/zynergy-labs/Zynergy/forager-wt/topo-night/app/src/test/java/com/zynergylabs/forager/app/ui/log/CartographyViewModelTest.kt:627:9 This declaration needs opt-in. Its usage should be marked with '@kotlinx.coroutines.ExperimentalCoroutinesApi' or '@OptIn(kotlinx.coroutines.ExperimentalCoroutinesApi::class)'
w: file:///home/zynergy-labs/Zynergy/forager-wt/topo-night/app/src/test/java/com/zynergylabs/forager/app/ui/log/CartographyViewModelTest.kt:647:9 This declaration needs opt-in. Its usage should be marked with '@kotlinx.coroutines.ExperimentalCoroutinesApi' or '@OptIn(kotlinx.coroutines.ExperimentalCoroutinesApi::class)'
w: file:///home/zynergy-labs/Zynergy/forager-wt/topo-night/app/src/test/java/com/zynergylabs/forager/app/ui/log/CartographyViewModelTest.kt:650:9 This declaration needs opt-in. Its usage should be marked with '@kotlinx.coroutines.ExperimentalCoroutinesApi' or '@OptIn(kotlinx.coroutines.ExperimentalCoroutinesApi::class)'
w: file:///home/zynergy-labs/Zynergy/forager-wt/topo-night/app/src/test/java/com/zynergylabs/forager/app/ui/log/CartographyViewModelTest.kt:656:9 This declaration needs opt-in. Its usage should be marked with '@kotlinx.coroutines.ExperimentalCoroutinesApi' or '@OptIn(kotlinx.coroutines.ExperimentalCoroutinesApi::class)'
w: file:///home/zynergy-labs/Zynergy/forager-wt/topo-night/app/src/test/java/com/zynergylabs/forager/app/ui/log/CartographyViewModelTest.kt:665:9 This declaration needs opt-in. Its usage should be marked with '@kotlinx.coroutines.ExperimentalCoroutinesApi' or '@OptIn(kotlinx.coroutines.ExperimentalCoroutinesApi::class)'
w: file:///home/zynergy-labs/Zynergy/forager-wt/topo-night/app/src/test/java/com/zynergylabs/forager/app/ui/log/CartographyViewModelTest.kt:667:9 This declaration needs opt-in. Its usage should be marked with '@kotlinx.coroutines.ExperimentalCoroutinesApi' or '@OptIn(kotlinx.coroutines.ExperimentalCoroutinesApi::class)'
w: file:///home/zynergy-labs/Zynergy/forager-wt/topo-night/app/src/test/java/com/zynergylabs/forager/app/ui/log/CartographyViewModelTest.kt:672:9 This declaration needs opt-in. Its usage should be marked with '@kotlinx.coroutines.ExperimentalCoroutinesApi' or '@OptIn(kotlinx.coroutines.ExperimentalCoroutinesApi::class)'
w: file:///home/zynergy-labs/Zynergy/forager-wt/topo-night/app/src/test/java/com/zynergylabs/forager/app/ui/log/CartographyViewModelTest.kt:682:9 This declaration needs opt-in. Its usage should be marked with '@kotlinx.coroutines.ExperimentalCoroutinesApi' or '@OptIn(kotlinx.coroutines.ExperimentalCoroutinesApi::class)'
w: file:///home/zynergy-labs/Zynergy/forager-wt/topo-night/app/src/test/java/com/zynergylabs/forager/app/ui/log/CartographyViewModelTest.kt:694:9 This declaration needs opt-in. Its usage should be marked with '@kotlinx.coroutines.ExperimentalCoroutinesApi' or '@OptIn(kotlinx.coroutines.ExperimentalCoroutinesApi::class)'
w: file:///home/zynergy-labs/Zynergy/forager-wt/topo-night/app/src/test/java/com/zynergylabs/forager/app/ui/log/CartographyViewModelTest.kt:698:9 This declaration needs opt-in. Its usage should be marked with '@kotlinx.coroutines.ExperimentalCoroutinesApi' or '@OptIn(kotlinx.coroutines.ExperimentalCoroutinesApi::class)'
w: file:///home/zynergy-labs/Zynergy/forager-wt/topo-night/app/src/test/java/com/zynergylabs/forager/app/ui/log/CartographyViewModelTest.kt:740:9 This declaration needs opt-in. Its usage should be marked with '@kotlinx.coroutines.ExperimentalCoroutinesApi' or '@OptIn(kotlinx.coroutines.ExperimentalCoroutinesApi::class)'
w: file:///home/zynergy-labs/Zynergy/forager-wt/topo-night/app/src/test/java/com/zynergylabs/forager/app/ui/log/CartographyViewModelTest.kt:743:9 This declaration needs opt-in. Its usage should be marked with '@kotlinx.coroutines.ExperimentalCoroutinesApi' or '@OptIn(kotlinx.coroutines.ExperimentalCoroutinesApi::class)'
w: file:///home/zynergy-labs/Zynergy/forager-wt/topo-night/app/src/test/java/com/zynergylabs/forager/app/ui/log/CartographyViewModelTest.kt:760:9 This declaration needs opt-in. Its usage should be marked with '@kotlinx.coroutines.ExperimentalCoroutinesApi' or '@OptIn(kotlinx.coroutines.ExperimentalCoroutinesApi::class)'
w: file:///home/zynergy-labs/Zynergy/forager-wt/topo-night/app/src/test/java/com/zynergylabs/forager/app/ui/log/CartographyViewModelTest.kt:762:9 This declaration needs opt-in. Its usage should be marked with '@kotlinx.coroutines.ExperimentalCoroutinesApi' or '@OptIn(kotlinx.coroutines.ExperimentalCoroutinesApi::class)'
w: file:///home/zynergy-labs/Zynergy/forager-wt/topo-night/app/src/test/java/com/zynergylabs/forager/app/ui/log/CartographyViewModelTest.kt:766:9 This declaration needs opt-in. Its usage should be marked with '@kotlinx.coroutines.ExperimentalCoroutinesApi' or '@OptIn(kotlinx.coroutines.ExperimentalCoroutinesApi::class)'
w: file:///home/zynergy-labs/Zynergy/forager-wt/topo-night/app/src/test/java/com/zynergylabs/forager/app/ui/log/CartographyViewModelTest.kt:787:9 This declaration needs opt-in. Its usage should be marked with '@kotlinx.coroutines.ExperimentalCoroutinesApi' or '@OptIn(kotlinx.coroutines.ExperimentalCoroutinesApi::class)'
w: file:///home/zynergy-labs/Zynergy/forager-wt/topo-night/app/src/test/java/com/zynergylabs/forager/app/ui/log/CartographyViewModelTest.kt:789:9 This declaration needs opt-in. Its usage should be marked with '@kotlinx.coroutines.ExperimentalCoroutinesApi' or '@OptIn(kotlinx.coroutines.ExperimentalCoroutinesApi::class)'
w: file:///home/zynergy-labs/Zynergy/forager-wt/topo-night/app/src/test/java/com/zynergylabs/forager/app/ui/log/CartographyViewModelTest.kt:792:9 This declaration needs opt-in. Its usage should be marked with '@kotlinx.coroutines.ExperimentalCoroutinesApi' or '@OptIn(kotlinx.coroutines.ExperimentalCoroutinesApi::class)'
w: file:///home/zynergy-labs/Zynergy/forager-wt/topo-night/app/src/test/java/com/zynergylabs/forager/app/ui/log/CartographyViewModelTest.kt:796:9 This declaration needs opt-in. Its usage should be marked with '@kotlinx.coroutines.ExperimentalCoroutinesApi' or '@OptIn(kotlinx.coroutines.ExperimentalCoroutinesApi::class)'
w: file:///home/zynergy-labs/Zynergy/forager-wt/topo-night/app/src/test/java/com/zynergylabs/forager/app/ui/log/CartographyViewModelTest.kt:839:9 This declaration needs opt-in. Its usage should be marked with '@kotlinx.coroutines.ExperimentalCoroutinesApi' or '@OptIn(kotlinx.coroutines.ExperimentalCoroutinesApi::class)'
w: file:///home/zynergy-labs/Zynergy/forager-wt/topo-night/app/src/test/java/com/zynergylabs/forager/app/ui/log/CartographyViewModelTest.kt:849:9 This declaration needs opt-in. Its usage should be marked with '@kotlinx.coroutines.ExperimentalCoroutinesApi' or '@OptIn(kotlinx.coroutines.ExperimentalCoroutinesApi::class)'
w: file:///home/zynergy-labs/Zynergy/forager-wt/topo-night/app/src/test/java/com/zynergylabs/forager/app/ui/log/CartographyViewModelTest.kt:853:9 This declaration needs opt-in. Its usage should be marked with '@kotlinx.coroutines.ExperimentalCoroutinesApi' or '@OptIn(kotlinx.coroutines.ExperimentalCoroutinesApi::class)'
w: file:///home/zynergy-labs/Zynergy/forager-wt/topo-night/app/src/test/java/com/zynergylabs/forager/app/ui/log/DecodedPhotoTest.kt:49:31 'fun createComposeRule(effectContext: CoroutineContext = ...): ComposeContentTestRule' is deprecated. Use `androidx.compose.ui.test.junit4.v2.createComposeRule` instead. The v2 APIs use StandardTestDispatcher instead of UnconfinedTestDispatcher, which aligns with standard coroutine behavior by queuing tasks rather than executing them immediately. Tests relying on immediate execution may require explicit synchronization. Please refer to the migration guide for more details.
w: file:///home/zynergy-labs/Zynergy/forager-wt/topo-night/app/src/test/java/com/zynergylabs/forager/app/ui/log/FindsGalleryScreenTest.kt:39:31 'fun createComposeRule(effectContext: CoroutineContext = ...): ComposeContentTestRule' is deprecated. Use `androidx.compose.ui.test.junit4.v2.createComposeRule` instead. The v2 APIs use StandardTestDispatcher instead of UnconfinedTestDispatcher, which aligns with standard coroutine behavior by queuing tasks rather than executing them immediately. Tests relying on immediate execution may require explicit synchronization. Please refer to the migration guide for more details.
w: file:///home/zynergy-labs/Zynergy/forager-wt/topo-night/app/src/test/java/com/zynergylabs/forager/app/ui/log/InAppCameraDialogLandscapeTest.kt:57:31 'fun <reified A : ComponentActivity> createAndroidComposeRule(effectContext: CoroutineContext = ...): AndroidComposeTestRule<ActivityScenarioRule<A>, A>' is deprecated. Use `androidx.compose.ui.test.junit4.v2.createAndroidComposeRule` instead. The v2 APIs use StandardTestDispatcher instead of UnconfinedTestDispatcher, which aligns with standard coroutine behavior by queuing tasks rather than executing them immediately. Tests relying on immediate execution may require explicit synchronization. Please refer to the migration guide for more details.
w: file:///home/zynergy-labs/Zynergy/forager-wt/topo-night/app/src/test/java/com/zynergylabs/forager/app/ui/log/InAppCameraDialogTest.kt:96:31 'fun <reified A : ComponentActivity> createAndroidComposeRule(effectContext: CoroutineContext = ...): AndroidComposeTestRule<ActivityScenarioRule<A>, A>' is deprecated. Use `androidx.compose.ui.test.junit4.v2.createAndroidComposeRule` instead. The v2 APIs use StandardTestDispatcher instead of UnconfinedTestDispatcher, which aligns with standard coroutine behavior by queuing tasks rather than executing them immediately. Tests relying on immediate execution may require explicit synchronization. Please refer to the migration guide for more details.
w: file:///home/zynergy-labs/Zynergy/forager-wt/topo-night/app/src/test/java/com/zynergylabs/forager/app/ui/log/InAppCameraHostTest.kt:45:31 'fun <reified A : ComponentActivity> createAndroidComposeRule(effectContext: CoroutineContext = ...): AndroidComposeTestRule<ActivityScenarioRule<A>, A>' is deprecated. Use `androidx.compose.ui.test.junit4.v2.createAndroidComposeRule` instead. The v2 APIs use StandardTestDispatcher instead of UnconfinedTestDispatcher, which aligns with standard coroutine behavior by queuing tasks rather than executing them immediately. Tests relying on immediate execution may require explicit synchronization. Please refer to the migration guide for more details.
w: file:///home/zynergy-labs/Zynergy/forager-wt/topo-night/app/src/test/java/com/zynergylabs/forager/app/ui/log/InAppCameraLocationChipTest.kt:53:31 'fun <reified A : ComponentActivity> createAndroidComposeRule(effectContext: CoroutineContext = ...): AndroidComposeTestRule<ActivityScenarioRule<A>, A>' is deprecated. Use `androidx.compose.ui.test.junit4.v2.createAndroidComposeRule` instead. The v2 APIs use StandardTestDispatcher instead of UnconfinedTestDispatcher, which aligns with standard coroutine behavior by queuing tasks rather than executing them immediately. Tests relying on immediate execution may require explicit synchronization. Please refer to the migration guide for more details.
w: file:///home/zynergy-labs/Zynergy/forager-wt/topo-night/app/src/test/java/com/zynergylabs/forager/app/ui/log/InAppCameraTimerTest.kt:71:31 'fun <reified A : ComponentActivity> createAndroidComposeRule(effectContext: CoroutineContext = ...): AndroidComposeTestRule<ActivityScenarioRule<A>, A>' is deprecated. Use `androidx.compose.ui.test.junit4.v2.createAndroidComposeRule` instead. The v2 APIs use StandardTestDispatcher instead of UnconfinedTestDispatcher, which aligns with standard coroutine behavior by queuing tasks rather than executing them immediately. Tests relying on immediate execution may require explicit synchronization. Please refer to the migration guide for more details.
w: file:///home/zynergy-labs/Zynergy/forager-wt/topo-night/app/src/test/java/com/zynergylabs/forager/app/ui/log/JournalEntriesTest.kt:91:31 'fun <reified A : ComponentActivity> createAndroidComposeRule(effectContext: CoroutineContext = ...): AndroidComposeTestRule<ActivityScenarioRule<A>, A>' is deprecated. Use `androidx.compose.ui.test.junit4.v2.createAndroidComposeRule` instead. The v2 APIs use StandardTestDispatcher instead of UnconfinedTestDispatcher, which aligns with standard coroutine behavior by queuing tasks rather than executing them immediately. Tests relying on immediate execution may require explicit synchronization. Please refer to the migration guide for more details.
w: file:///home/zynergy-labs/Zynergy/forager-wt/topo-night/app/src/test/java/com/zynergylabs/forager/app/ui/log/JournalEntryCardsTest.kt:83:31 'fun <reified A : ComponentActivity> createAndroidComposeRule(effectContext: CoroutineContext = ...): AndroidComposeTestRule<ActivityScenarioRule<A>, A>' is deprecated. Use `androidx.compose.ui.test.junit4.v2.createAndroidComposeRule` instead. The v2 APIs use StandardTestDispatcher instead of UnconfinedTestDispatcher, which aligns with standard coroutine behavior by queuing tasks rather than executing them immediately. Tests relying on immediate execution may require explicit synchronization. Please refer to the migration guide for more details.
w: file:///home/zynergy-labs/Zynergy/forager-wt/topo-night/app/src/test/java/com/zynergylabs/forager/app/ui/log/JournalPendingDeleteTest.kt:175:31 'fun <reified A : ComponentActivity> createAndroidComposeRule(effectContext: CoroutineContext = ...): AndroidComposeTestRule<ActivityScenarioRule<A>, A>' is deprecated. Use `androidx.compose.ui.test.junit4.v2.createAndroidComposeRule` instead. The v2 APIs use StandardTestDispatcher instead of UnconfinedTestDispatcher, which aligns with standard coroutine behavior by queuing tasks rather than executing them immediately. Tests relying on immediate execution may require explicit synchronization. Please refer to the migration guide for more details.
w: file:///home/zynergy-labs/Zynergy/forager-wt/topo-night/app/src/test/java/com/zynergylabs/forager/app/ui/log/JournalShortWindowCardsTest.kt:90:31 'fun <reified A : ComponentActivity> createAndroidComposeRule(effectContext: CoroutineContext = ...): AndroidComposeTestRule<ActivityScenarioRule<A>, A>' is deprecated. Use `androidx.compose.ui.test.junit4.v2.createAndroidComposeRule` instead. The v2 APIs use StandardTestDispatcher instead of UnconfinedTestDispatcher, which aligns with standard coroutine behavior by queuing tasks rather than executing them immediately. Tests relying on immediate execution may require explicit synchronization. Please refer to the migration guide for more details.
w: file:///home/zynergy-labs/Zynergy/forager-wt/topo-night/app/src/test/java/com/zynergylabs/forager/app/ui/log/JournalTabTest.kt:62:31 'fun createComposeRule(effectContext: CoroutineContext = ...): ComposeContentTestRule' is deprecated. Use `androidx.compose.ui.test.junit4.v2.createComposeRule` instead. The v2 APIs use StandardTestDispatcher instead of UnconfinedTestDispatcher, which aligns with standard coroutine behavior by queuing tasks rather than executing them immediately. Tests relying on immediate execution may require explicit synchronization. Please refer to the migration guide for more details.
w: file:///home/zynergy-labs/Zynergy/forager-wt/topo-night/app/src/test/java/com/zynergylabs/forager/app/ui/log/KeptTrackPathListsTest.kt:36:31 'fun <reified A : ComponentActivity> createAndroidComposeRule(effectContext: CoroutineContext = ...): AndroidComposeTestRule<ActivityScenarioRule<A>, A>' is deprecated. Use `androidx.compose.ui.test.junit4.v2.createAndroidComposeRule` instead. The v2 APIs use StandardTestDispatcher instead of UnconfinedTestDispatcher, which aligns with standard coroutine behavior by queuing tasks rather than executing them immediately. Tests relying on immediate execution may require explicit synchronization. Please refer to the migration guide for more details.
w: file:///home/zynergy-labs/Zynergy/forager-wt/topo-night/app/src/test/java/com/zynergylabs/forager/app/ui/log/LogEntryDetailScreenTest.kt:48:31 'fun createComposeRule(effectContext: CoroutineContext = ...): ComposeContentTestRule' is deprecated. Use `androidx.compose.ui.test.junit4.v2.createComposeRule` instead. The v2 APIs use StandardTestDispatcher instead of UnconfinedTestDispatcher, which aligns with standard coroutine behavior by queuing tasks rather than executing them immediately. Tests relying on immediate execution may require explicit synchronization. Please refer to the migration guide for more details.
w: file:///home/zynergy-labs/Zynergy/forager-wt/topo-night/app/src/test/java/com/zynergylabs/forager/app/ui/log/LogEntryReportScreenTest.kt:54:31 'fun createComposeRule(effectContext: CoroutineContext = ...): ComposeContentTestRule' is deprecated. Use `androidx.compose.ui.test.junit4.v2.createComposeRule` instead. The v2 APIs use StandardTestDispatcher instead of UnconfinedTestDispatcher, which aligns with standard coroutine behavior by queuing tasks rather than executing them immediately. Tests relying on immediate execution may require explicit synchronization. Please refer to the migration guide for more details.
w: file:///home/zynergy-labs/Zynergy/forager-wt/topo-night/app/src/test/java/com/zynergylabs/forager/app/ui/log/MushroomLogViewModelTest.kt:77:31 This declaration needs opt-in. Its usage should be marked with '@kotlinx.coroutines.ExperimentalCoroutinesApi' or '@OptIn(kotlinx.coroutines.ExperimentalCoroutinesApi::class)'
w: file:///home/zynergy-labs/Zynergy/forager-wt/topo-night/app/src/test/java/com/zynergylabs/forager/app/ui/log/MushroomLogViewModelTest.kt:80:34 This declaration needs opt-in. Its usage should be marked with '@kotlinx.coroutines.ExperimentalCoroutinesApi' or '@OptIn(kotlinx.coroutines.ExperimentalCoroutinesApi::class)'
w: file:///home/zynergy-labs/Zynergy/forager-wt/topo-night/app/src/test/java/com/zynergylabs/forager/app/ui/log/MushroomLogViewModelTest.kt:131:9 This declaration needs opt-in. Its usage should be marked with '@kotlinx.coroutines.ExperimentalCoroutinesApi' or '@OptIn(kotlinx.coroutines.ExperimentalCoroutinesApi::class)'
w: file:///home/zynergy-labs/Zynergy/forager-wt/topo-night/app/src/test/java/com/zynergylabs/forager/app/ui/log/MushroomLogViewModelTest.kt:134:9 This declaration needs opt-in. Its usage should be marked with '@kotlinx.coroutines.ExperimentalCoroutinesApi' or '@OptIn(kotlinx.coroutines.ExperimentalCoroutinesApi::class)'
w: file:///home/zynergy-labs/Zynergy/forager-wt/topo-night/app/src/test/java/com/zynergylabs/forager/app/ui/log/MushroomLogViewModelTest.kt:140:9 This declaration needs opt-in. Its usage should be marked with '@kotlinx.coroutines.ExperimentalCoroutinesApi' or '@OptIn(kotlinx.coroutines.ExperimentalCoroutinesApi::class)'
w: file:///home/zynergy-labs/Zynergy/forager-wt/topo-night/app/src/test/java/com/zynergylabs/forager/app/ui/log/MushroomLogViewModelTest.kt:145:9 This declaration needs opt-in. Its usage should be marked with '@kotlinx.coroutines.ExperimentalCoroutinesApi' or '@OptIn(kotlinx.coroutines.ExperimentalCoroutinesApi::class)'
w: file:///home/zynergy-labs/Zynergy/forager-wt/topo-night/app/src/test/java/com/zynergylabs/forager/app/ui/log/MushroomLogViewModelTest.kt:154:9 This declaration needs opt-in. Its usage should be marked with '@kotlinx.coroutines.ExperimentalCoroutinesApi' or '@OptIn(kotlinx.coroutines.ExperimentalCoroutinesApi::class)'
w: file:///home/zynergy-labs/Zynergy/forager-wt/topo-night/app/src/test/java/com/zynergylabs/forager/app/ui/log/MushroomLogViewModelTest.kt:157:9 This declaration needs opt-in. Its usage should be marked with '@kotlinx.coroutines.ExperimentalCoroutinesApi' or '@OptIn(kotlinx.coroutines.ExperimentalCoroutinesApi::class)'
w: file:///home/zynergy-labs/Zynergy/forager-wt/topo-night/app/src/test/java/com/zynergylabs/forager/app/ui/log/MushroomLogViewModelTest.kt:162:9 This declaration needs opt-in. Its usage should be marked with '@kotlinx.coroutines.ExperimentalCoroutinesApi' or '@OptIn(kotlinx.coroutines.ExperimentalCoroutinesApi::class)'
w: file:///home/zynergy-labs/Zynergy/forager-wt/topo-night/app/src/test/java/com/zynergylabs/forager/app/ui/log/MushroomLogViewModelTest.kt:184:9 This declaration needs opt-in. Its usage should be marked with '@kotlinx.coroutines.ExperimentalCoroutinesApi' or '@OptIn(kotlinx.coroutines.ExperimentalCoroutinesApi::class)'
w: file:///home/zynergy-labs/Zynergy/forager-wt/topo-night/app/src/test/java/com/zynergylabs/forager/app/ui/log/MushroomLogViewModelTest.kt:187:9 This declaration needs opt-in. Its usage should be marked with '@kotlinx.coroutines.ExperimentalCoroutinesApi' or '@OptIn(kotlinx.coroutines.ExperimentalCoroutinesApi::class)'
w: file:///home/zynergy-labs/Zynergy/forager-wt/topo-night/app/src/test/java/com/zynergylabs/forager/app/ui/log/MushroomLogViewModelTest.kt:192:9 This declaration needs opt-in. Its usage should be marked with '@kotlinx.coroutines.ExperimentalCoroutinesApi' or '@OptIn(kotlinx.coroutines.ExperimentalCoroutinesApi::class)'
w: file:///home/zynergy-labs/Zynergy/forager-wt/topo-night/app/src/test/java/com/zynergylabs/forager/app/ui/log/MushroomLogViewModelTest.kt:197:9 This declaration needs opt-in. Its usage should be marked with '@kotlinx.coroutines.ExperimentalCoroutinesApi' or '@OptIn(kotlinx.coroutines.ExperimentalCoroutinesApi::class)'
w: file:///home/zynergy-labs/Zynergy/forager-wt/topo-night/app/src/test/java/com/zynergylabs/forager/app/ui/log/MushroomLogViewModelTest.kt:215:9 This declaration needs opt-in. Its usage should be marked with '@kotlinx.coroutines.ExperimentalCoroutinesApi' or '@OptIn(kotlinx.coroutines.ExperimentalCoroutinesApi::class)'
w: file:///home/zynergy-labs/Zynergy/forager-wt/topo-night/app/src/test/java/com/zynergylabs/forager/app/ui/log/MushroomLogViewModelTest.kt:218:9 This declaration needs opt-in. Its usage should be marked with '@kotlinx.coroutines.ExperimentalCoroutinesApi' or '@OptIn(kotlinx.coroutines.ExperimentalCoroutinesApi::class)'
w: file:///home/zynergy-labs/Zynergy/forager-wt/topo-night/app/src/test/java/com/zynergylabs/forager/app/ui/log/MushroomLogViewModelTest.kt:230:9 This declaration needs opt-in. Its usage should be marked with '@kotlinx.coroutines.ExperimentalCoroutinesApi' or '@OptIn(kotlinx.coroutines.ExperimentalCoroutinesApi::class)'
w: file:///home/zynergy-labs/Zynergy/forager-wt/topo-night/app/src/test/java/com/zynergylabs/forager/app/ui/log/MushroomLogViewModelTest.kt:233:9 This declaration needs opt-in. Its usage should be marked with '@kotlinx.coroutines.ExperimentalCoroutinesApi' or '@OptIn(kotlinx.coroutines.ExperimentalCoroutinesApi::class)'
w: file:///home/zynergy-labs/Zynergy/forager-wt/topo-night/app/src/test/java/com/zynergylabs/forager/app/ui/log/MushroomLogViewModelTest.kt:249:9 This declaration needs opt-in. Its usage should be marked with '@kotlinx.coroutines.ExperimentalCoroutinesApi' or '@OptIn(kotlinx.coroutines.ExperimentalCoroutinesApi::class)'
w: file:///home/zynergy-labs/Zynergy/forager-wt/topo-night/app/src/test/java/com/zynergylabs/forager/app/ui/log/MushroomLogViewModelTest.kt:266:9 This declaration needs opt-in. Its usage should be marked with '@kotlinx.coroutines.ExperimentalCoroutinesApi' or '@OptIn(kotlinx.coroutines.ExperimentalCoroutinesApi::class)'
w: file:///home/zynergy-labs/Zynergy/forager-wt/topo-night/app/src/test/java/com/zynergylabs/forager/app/ui/log/MushroomLogViewModelTest.kt:268:9 This declaration needs opt-in. Its usage should be marked with '@kotlinx.coroutines.ExperimentalCoroutinesApi' or '@OptIn(kotlinx.coroutines.ExperimentalCoroutinesApi::class)'
w: file:///home/zynergy-labs/Zynergy/forager-wt/topo-night/app/src/test/java/com/zynergylabs/forager/app/ui/log/MushroomLogViewModelTest.kt:278:9 This declaration needs opt-in. Its usage should be marked with '@kotlinx.coroutines.ExperimentalCoroutinesApi' or '@OptIn(kotlinx.coroutines.ExperimentalCoroutinesApi::class)'
w: file:///home/zynergy-labs/Zynergy/forager-wt/topo-night/app/src/test/java/com/zynergylabs/forager/app/ui/log/MushroomLogViewModelTest.kt:287:9 This declaration needs opt-in. Its usage should be marked with '@kotlinx.coroutines.ExperimentalCoroutinesApi' or '@OptIn(kotlinx.coroutines.ExperimentalCoroutinesApi::class)'
w: file:///home/zynergy-labs/Zynergy/forager-wt/topo-night/app/src/test/java/com/zynergylabs/forager/app/ui/log/MushroomLogViewModelTest.kt:289:9 This declaration needs opt-in. Its usage should be marked with '@kotlinx.coroutines.ExperimentalCoroutinesApi' or '@OptIn(kotlinx.coroutines.ExperimentalCoroutinesApi::class)'
w: file:///home/zynergy-labs/Zynergy/forager-wt/topo-night/app/src/test/java/com/zynergylabs/forager/app/ui/log/MushroomLogViewModelTest.kt:291:9 This declaration needs opt-in. Its usage should be marked with '@kotlinx.coroutines.ExperimentalCoroutinesApi' or '@OptIn(kotlinx.coroutines.ExperimentalCoroutinesApi::class)'
w: file:///home/zynergy-labs/Zynergy/forager-wt/topo-night/app/src/test/java/com/zynergylabs/forager/app/ui/log/MushroomLogViewModelTest.kt:309:9 This declaration needs opt-in. Its usage should be marked with '@kotlinx.coroutines.ExperimentalCoroutinesApi' or '@OptIn(kotlinx.coroutines.ExperimentalCoroutinesApi::class)'
w: file:///home/zynergy-labs/Zynergy/forager-wt/topo-night/app/src/test/java/com/zynergylabs/forager/app/ui/log/MushroomLogViewModelTest.kt:329:9 This declaration needs opt-in. Its usage should be marked with '@kotlinx.coroutines.ExperimentalCoroutinesApi' or '@OptIn(kotlinx.coroutines.ExperimentalCoroutinesApi::class)'
w: file:///home/zynergy-labs/Zynergy/forager-wt/topo-night/app/src/test/java/com/zynergylabs/forager/app/ui/log/MushroomLogViewModelTest.kt:332:9 This declaration needs opt-in. Its usage should be marked with '@kotlinx.coroutines.ExperimentalCoroutinesApi' or '@OptIn(kotlinx.coroutines.ExperimentalCoroutinesApi::class)'
w: file:///home/zynergy-labs/Zynergy/forager-wt/topo-night/app/src/test/java/com/zynergylabs/forager/app/ui/log/MushroomLogViewModelTest.kt:335:9 This declaration needs opt-in. Its usage should be marked with '@kotlinx.coroutines.ExperimentalCoroutinesApi' or '@OptIn(kotlinx.coroutines.ExperimentalCoroutinesApi::class)'
w: file:///home/zynergy-labs/Zynergy/forager-wt/topo-night/app/src/test/java/com/zynergylabs/forager/app/ui/log/MushroomLogViewModelTest.kt:352:9 This declaration needs opt-in. Its usage should be marked with '@kotlinx.coroutines.ExperimentalCoroutinesApi' or '@OptIn(kotlinx.coroutines.ExperimentalCoroutinesApi::class)'
w: file:///home/zynergy-labs/Zynergy/forager-wt/topo-night/app/src/test/java/com/zynergylabs/forager/app/ui/log/MushroomLogViewModelTest.kt:355:9 This declaration needs opt-in. Its usage should be marked with '@kotlinx.coroutines.ExperimentalCoroutinesApi' or '@OptIn(kotlinx.coroutines.ExperimentalCoroutinesApi::class)'
w: file:///home/zynergy-labs/Zynergy/forager-wt/topo-night/app/src/test/java/com/zynergylabs/forager/app/ui/log/MushroomLogViewModelTest.kt:381:9 This declaration needs opt-in. Its usage should be marked with '@kotlinx.coroutines.ExperimentalCoroutinesApi' or '@OptIn(kotlinx.coroutines.ExperimentalCoroutinesApi::class)'
w: file:///home/zynergy-labs/Zynergy/forager-wt/topo-night/app/src/test/java/com/zynergylabs/forager/app/ui/log/MushroomLogViewModelTest.kt:385:9 This declaration needs opt-in. Its usage should be marked with '@kotlinx.coroutines.ExperimentalCoroutinesApi' or '@OptIn(kotlinx.coroutines.ExperimentalCoroutinesApi::class)'
w: file:///home/zynergy-labs/Zynergy/forager-wt/topo-night/app/src/test/java/com/zynergylabs/forager/app/ui/log/MushroomLogViewModelTest.kt:398:9 This declaration needs opt-in. Its usage should be marked with '@kotlinx.coroutines.ExperimentalCoroutinesApi' or '@OptIn(kotlinx.coroutines.ExperimentalCoroutinesApi::class)'
w: file:///home/zynergy-labs/Zynergy/forager-wt/topo-night/app/src/test/java/com/zynergylabs/forager/app/ui/log/MushroomLogViewModelTest.kt:401:9 This declaration needs opt-in. Its usage should be marked with '@kotlinx.coroutines.ExperimentalCoroutinesApi' or '@OptIn(kotlinx.coroutines.ExperimentalCoroutinesApi::class)'
w: file:///home/zynergy-labs/Zynergy/forager-wt/topo-night/app/src/test/java/com/zynergylabs/forager/app/ui/log/MushroomLogViewModelTest.kt:421:9 This declaration needs opt-in. Its usage should be marked with '@kotlinx.coroutines.ExperimentalCoroutinesApi' or '@OptIn(kotlinx.coroutines.ExperimentalCoroutinesApi::class)'
w: file:///home/zynergy-labs/Zynergy/forager-wt/topo-night/app/src/test/java/com/zynergylabs/forager/app/ui/log/MushroomLogViewModelTest.kt:424:9 This declaration needs opt-in. Its usage should be marked with '@kotlinx.coroutines.ExperimentalCoroutinesApi' or '@OptIn(kotlinx.coroutines.ExperimentalCoroutinesApi::class)'
w: file:///home/zynergy-labs/Zynergy/forager-wt/topo-night/app/src/test/java/com/zynergylabs/forager/app/ui/log/MushroomLogViewModelTest.kt:445:9 This declaration needs opt-in. Its usage should be marked with '@kotlinx.coroutines.ExperimentalCoroutinesApi' or '@OptIn(kotlinx.coroutines.ExperimentalCoroutinesApi::class)'
w: file:///home/zynergy-labs/Zynergy/forager-wt/topo-night/app/src/test/java/com/zynergylabs/forager/app/ui/log/MushroomLogViewModelTest.kt:448:9 This declaration needs opt-in. Its usage should be marked with '@kotlinx.coroutines.ExperimentalCoroutinesApi' or '@OptIn(kotlinx.coroutines.ExperimentalCoroutinesApi::class)'
w: file:///home/zynergy-labs/Zynergy/forager-wt/topo-night/app/src/test/java/com/zynergylabs/forager/app/ui/log/MushroomLogViewModelTest.kt:466:9 This declaration needs opt-in. Its usage should be marked with '@kotlinx.coroutines.ExperimentalCoroutinesApi' or '@OptIn(kotlinx.coroutines.ExperimentalCoroutinesApi::class)'
w: file:///home/zynergy-labs/Zynergy/forager-wt/topo-night/app/src/test/java/com/zynergylabs/forager/app/ui/log/MushroomLogViewModelTest.kt:469:9 This declaration needs opt-in. Its usage should be marked with '@kotlinx.coroutines.ExperimentalCoroutinesApi' or '@OptIn(kotlinx.coroutines.ExperimentalCoroutinesApi::class)'
w: file:///home/zynergy-labs/Zynergy/forager-wt/topo-night/app/src/test/java/com/zynergylabs/forager/app/ui/log/MushroomLogViewModelTest.kt:497:9 This declaration needs opt-in. Its usage should be marked with '@kotlinx.coroutines.ExperimentalCoroutinesApi' or '@OptIn(kotlinx.coroutines.ExperimentalCoroutinesApi::class)'
w: file:///home/zynergy-labs/Zynergy/forager-wt/topo-night/app/src/test/java/com/zynergylabs/forager/app/ui/log/MushroomLogViewModelTest.kt:500:9 This declaration needs opt-in. Its usage should be marked with '@kotlinx.coroutines.ExperimentalCoroutinesApi' or '@OptIn(kotlinx.coroutines.ExperimentalCoroutinesApi::class)'
w: file:///home/zynergy-labs/Zynergy/forager-wt/topo-night/app/src/test/java/com/zynergylabs/forager/app/ui/log/MushroomLogViewModelTest.kt:513:9 This declaration needs opt-in. Its usage should be marked with '@kotlinx.coroutines.ExperimentalCoroutinesApi' or '@OptIn(kotlinx.coroutines.ExperimentalCoroutinesApi::class)'
w: file:///home/zynergy-labs/Zynergy/forager-wt/topo-night/app/src/test/java/com/zynergylabs/forager/app/ui/log/MushroomLogViewModelTest.kt:524:9 This declaration needs opt-in. Its usage should be marked with '@kotlinx.coroutines.ExperimentalCoroutinesApi' or '@OptIn(kotlinx.coroutines.ExperimentalCoroutinesApi::class)'
w: file:///home/zynergy-labs/Zynergy/forager-wt/topo-night/app/src/test/java/com/zynergylabs/forager/app/ui/log/MushroomLogViewModelTest.kt:560:9 This declaration needs opt-in. Its usage should be marked with '@kotlinx.coroutines.ExperimentalCoroutinesApi' or '@OptIn(kotlinx.coroutines.ExperimentalCoroutinesApi::class)'
w: file:///home/zynergy-labs/Zynergy/forager-wt/topo-night/app/src/test/java/com/zynergylabs/forager/app/ui/log/MushroomLogViewModelTest.kt:563:9 This declaration needs opt-in. Its usage should be marked with '@kotlinx.coroutines.ExperimentalCoroutinesApi' or '@OptIn(kotlinx.coroutines.ExperimentalCoroutinesApi::class)'
w: file:///home/zynergy-labs/Zynergy/forager-wt/topo-night/app/src/test/java/com/zynergylabs/forager/app/ui/log/MushroomLogViewModelTest.kt:574:9 This declaration needs opt-in. Its usage should be marked with '@kotlinx.coroutines.ExperimentalCoroutinesApi' or '@OptIn(kotlinx.coroutines.ExperimentalCoroutinesApi::class)'
w: file:///home/zynergy-labs/Zynergy/forager-wt/topo-night/app/src/test/java/com/zynergylabs/forager/app/ui/log/MushroomLogViewModelTest.kt:583:9 This declaration needs opt-in. Its usage should be marked with '@kotlinx.coroutines.ExperimentalCoroutinesApi' or '@OptIn(kotlinx.coroutines.ExperimentalCoroutinesApi::class)'
w: file:///home/zynergy-labs/Zynergy/forager-wt/topo-night/app/src/test/java/com/zynergylabs/forager/app/ui/log/MushroomLogViewModelTest.kt:600:9 This declaration needs opt-in. Its usage should be marked with '@kotlinx.coroutines.ExperimentalCoroutinesApi' or '@OptIn(kotlinx.coroutines.ExperimentalCoroutinesApi::class)'
w: file:///home/zynergy-labs/Zynergy/forager-wt/topo-night/app/src/test/java/com/zynergylabs/forager/app/ui/log/MushroomLogViewModelTest.kt:603:9 This declaration needs opt-in. Its usage should be marked with '@kotlinx.coroutines.ExperimentalCoroutinesApi' or '@OptIn(kotlinx.coroutines.ExperimentalCoroutinesApi::class)'
w: file:///home/zynergy-labs/Zynergy/forager-wt/topo-night/app/src/test/java/com/zynergylabs/forager/app/ui/log/MushroomLogViewModelTest.kt:606:9 This declaration needs opt-in. Its usage should be marked with '@kotlinx.coroutines.ExperimentalCoroutinesApi' or '@OptIn(kotlinx.coroutines.ExperimentalCoroutinesApi::class)'
w: file:///home/zynergy-labs/Zynergy/forager-wt/topo-night/app/src/test/java/com/zynergylabs/forager/app/ui/log/MushroomLogViewModelTest.kt:621:9 This declaration needs opt-in. Its usage should be marked with '@kotlinx.coroutines.ExperimentalCoroutinesApi' or '@OptIn(kotlinx.coroutines.ExperimentalCoroutinesApi::class)'
w: file:///home/zynergy-labs/Zynergy/forager-wt/topo-night/app/src/test/java/com/zynergylabs/forager/app/ui/log/MushroomLogViewModelTest.kt:624:9 This declaration needs opt-in. Its usage should be marked with '@kotlinx.coroutines.ExperimentalCoroutinesApi' or '@OptIn(kotlinx.coroutines.ExperimentalCoroutinesApi::class)'
w: file:///home/zynergy-labs/Zynergy/forager-wt/topo-night/app/src/test/java/com/zynergylabs/forager/app/ui/log/MushroomLogViewModelTest.kt:641:9 This declaration needs opt-in. Its usage should be marked with '@kotlinx.coroutines.ExperimentalCoroutinesApi' or '@OptIn(kotlinx.coroutines.ExperimentalCoroutinesApi::class)'
w: file:///home/zynergy-labs/Zynergy/forager-wt/topo-night/app/src/test/java/com/zynergylabs/forager/app/ui/log/MushroomLogViewModelTest.kt:644:9 This declaration needs opt-in. Its usage should be marked with '@kotlinx.coroutines.ExperimentalCoroutinesApi' or '@OptIn(kotlinx.coroutines.ExperimentalCoroutinesApi::class)'
w: file:///home/zynergy-labs/Zynergy/forager-wt/topo-night/app/src/test/java/com/zynergylabs/forager/app/ui/log/MushroomLogViewModelTest.kt:657:9 This declaration needs opt-in. Its usage should be marked with '@kotlinx.coroutines.ExperimentalCoroutinesApi' or '@OptIn(kotlinx.coroutines.ExperimentalCoroutinesApi::class)'
w: file:///home/zynergy-labs/Zynergy/forager-wt/topo-night/app/src/test/java/com/zynergylabs/forager/app/ui/log/MushroomLogViewModelTest.kt:661:9 This declaration needs opt-in. Its usage should be marked with '@kotlinx.coroutines.ExperimentalCoroutinesApi' or '@OptIn(kotlinx.coroutines.ExperimentalCoroutinesApi::class)'
w: file:///home/zynergy-labs/Zynergy/forager-wt/topo-night/app/src/test/java/com/zynergylabs/forager/app/ui/log/MushroomLogViewModelTest.kt:672:9 This declaration needs opt-in. Its usage should be marked with '@kotlinx.coroutines.ExperimentalCoroutinesApi' or '@OptIn(kotlinx.coroutines.ExperimentalCoroutinesApi::class)'
w: file:///home/zynergy-labs/Zynergy/forager-wt/topo-night/app/src/test/java/com/zynergylabs/forager/app/ui/log/MushroomLogViewModelTest.kt:675:9 This declaration needs opt-in. Its usage should be marked with '@kotlinx.coroutines.ExperimentalCoroutinesApi' or '@OptIn(kotlinx.coroutines.ExperimentalCoroutinesApi::class)'
w: file:///home/zynergy-labs/Zynergy/forager-wt/topo-night/app/src/test/java/com/zynergylabs/forager/app/ui/log/MushroomLogViewModelTest.kt:683:9 This declaration needs opt-in. Its usage should be marked with '@kotlinx.coroutines.ExperimentalCoroutinesApi' or '@OptIn(kotlinx.coroutines.ExperimentalCoroutinesApi::class)'
w: file:///home/zynergy-labs/Zynergy/forager-wt/topo-night/app/src/test/java/com/zynergylabs/forager/app/ui/log/MushroomLogViewModelTest.kt:693:9 This declaration needs opt-in. Its usage should be marked with '@kotlinx.coroutines.ExperimentalCoroutinesApi' or '@OptIn(kotlinx.coroutines.ExperimentalCoroutinesApi::class)'
w: file:///home/zynergy-labs/Zynergy/forager-wt/topo-night/app/src/test/java/com/zynergylabs/forager/app/ui/log/MushroomLogViewModelTest.kt:695:9 This declaration needs opt-in. Its usage should be marked with '@kotlinx.coroutines.ExperimentalCoroutinesApi' or '@OptIn(kotlinx.coroutines.ExperimentalCoroutinesApi::class)'
w: file:///home/zynergy-labs/Zynergy/forager-wt/topo-night/app/src/test/java/com/zynergylabs/forager/app/ui/log/MushroomLogViewModelTest.kt:697:9 This declaration needs opt-in. Its usage should be marked with '@kotlinx.coroutines.ExperimentalCoroutinesApi' or '@OptIn(kotlinx.coroutines.ExperimentalCoroutinesApi::class)'
w: file:///home/zynergy-labs/Zynergy/forager-wt/topo-night/app/src/test/java/com/zynergylabs/forager/app/ui/log/MushroomLogViewModelTest.kt:700:9 This declaration needs opt-in. Its usage should be marked with '@kotlinx.coroutines.ExperimentalCoroutinesApi' or '@OptIn(kotlinx.coroutines.ExperimentalCoroutinesApi::class)'
w: file:///home/zynergy-labs/Zynergy/forager-wt/topo-night/app/src/test/java/com/zynergylabs/forager/app/ui/log/MushroomLogViewModelTest.kt:711:9 This declaration needs opt-in. Its usage should be marked with '@kotlinx.coroutines.ExperimentalCoroutinesApi' or '@OptIn(kotlinx.coroutines.ExperimentalCoroutinesApi::class)'
w: file:///home/zynergy-labs/Zynergy/forager-wt/topo-night/app/src/test/java/com/zynergylabs/forager/app/ui/log/MushroomLogViewModelTest.kt:713:9 This declaration needs opt-in. Its usage should be marked with '@kotlinx.coroutines.ExperimentalCoroutinesApi' or '@OptIn(kotlinx.coroutines.ExperimentalCoroutinesApi::class)'
w: file:///home/zynergy-labs/Zynergy/forager-wt/topo-night/app/src/test/java/com/zynergylabs/forager/app/ui/log/MushroomLogViewModelTest.kt:715:9 This declaration needs opt-in. Its usage should be marked with '@kotlinx.coroutines.ExperimentalCoroutinesApi' or '@OptIn(kotlinx.coroutines.ExperimentalCoroutinesApi::class)'
w: file:///home/zynergy-labs/Zynergy/forager-wt/topo-night/app/src/test/java/com/zynergylabs/forager/app/ui/log/MushroomLogViewModelTest.kt:718:9 This declaration needs opt-in. Its usage should be marked with '@kotlinx.coroutines.ExperimentalCoroutinesApi' or '@OptIn(kotlinx.coroutines.ExperimentalCoroutinesApi::class)'
w: file:///home/zynergy-labs/Zynergy/forager-wt/topo-night/app/src/test/java/com/zynergylabs/forager/app/ui/log/MushroomLogViewModelTest.kt:738:9 This declaration needs opt-in. Its usage should be marked with '@kotlinx.coroutines.ExperimentalCoroutinesApi' or '@OptIn(kotlinx.coroutines.ExperimentalCoroutinesApi::class)'
w: file:///home/zynergy-labs/Zynergy/forager-wt/topo-night/app/src/test/java/com/zynergylabs/forager/app/ui/log/MushroomLogViewModelTest.kt:741:9 This declaration needs opt-in. Its usage should be marked with '@kotlinx.coroutines.ExperimentalCoroutinesApi' or '@OptIn(kotlinx.coroutines.ExperimentalCoroutinesApi::class)'
w: file:///home/zynergy-labs/Zynergy/forager-wt/topo-night/app/src/test/java/com/zynergylabs/forager/app/ui/log/MushroomLogViewModelTest.kt:747:9 This declaration needs opt-in. Its usage should be marked with '@kotlinx.coroutines.ExperimentalCoroutinesApi' or '@OptIn(kotlinx.coroutines.ExperimentalCoroutinesApi::class)'
w: file:///home/zynergy-labs/Zynergy/forager-wt/topo-night/app/src/test/java/com/zynergylabs/forager/app/ui/log/MushroomLogViewModelTest.kt:752:9 This declaration needs opt-in. Its usage should be marked with '@kotlinx.coroutines.ExperimentalCoroutinesApi' or '@OptIn(kotlinx.coroutines.ExperimentalCoroutinesApi::class)'
w: file:///home/zynergy-labs/Zynergy/forager-wt/topo-night/app/src/test/java/com/zynergylabs/forager/app/ui/log/MushroomLogViewModelTest.kt:768:9 This declaration needs opt-in. Its usage should be marked with '@kotlinx.coroutines.ExperimentalCoroutinesApi' or '@OptIn(kotlinx.coroutines.ExperimentalCoroutinesApi::class)'
w: file:///home/zynergy-labs/Zynergy/forager-wt/topo-night/app/src/test/java/com/zynergylabs/forager/app/ui/log/MushroomLogViewModelTest.kt:771:9 This declaration needs opt-in. Its usage should be marked with '@kotlinx.coroutines.ExperimentalCoroutinesApi' or '@OptIn(kotlinx.coroutines.ExperimentalCoroutinesApi::class)'
w: file:///home/zynergy-labs/Zynergy/forager-wt/topo-night/app/src/test/java/com/zynergylabs/forager/app/ui/log/MushroomLogViewModelTest.kt:774:9 This declaration needs opt-in. Its usage should be marked with '@kotlinx.coroutines.ExperimentalCoroutinesApi' or '@OptIn(kotlinx.coroutines.ExperimentalCoroutinesApi::class)'
w: file:///home/zynergy-labs/Zynergy/forager-wt/topo-night/app/src/test/java/com/zynergylabs/forager/app/ui/log/MushroomLogViewModelTest.kt:777:9 This declaration needs opt-in. Its usage should be marked with '@kotlinx.coroutines.ExperimentalCoroutinesApi' or '@OptIn(kotlinx.coroutines.ExperimentalCoroutinesApi::class)'
w: file:///home/zynergy-labs/Zynergy/forager-wt/topo-night/app/src/test/java/com/zynergylabs/forager/app/ui/log/MushroomLogViewModelTest.kt:795:9 This declaration needs opt-in. Its usage should be marked with '@kotlinx.coroutines.ExperimentalCoroutinesApi' or '@OptIn(kotlinx.coroutines.ExperimentalCoroutinesApi::class)'
w: file:///home/zynergy-labs/Zynergy/forager-wt/topo-night/app/src/test/java/com/zynergylabs/forager/app/ui/log/MushroomLogViewModelTest.kt:797:9 This declaration needs opt-in. Its usage should be marked with '@kotlinx.coroutines.ExperimentalCoroutinesApi' or '@OptIn(kotlinx.coroutines.ExperimentalCoroutinesApi::class)'
w: file:///home/zynergy-labs/Zynergy/forager-wt/topo-night/app/src/test/java/com/zynergylabs/forager/app/ui/log/MushroomLogViewModelTest.kt:799:9 This declaration needs opt-in. Its usage should be marked with '@kotlinx.coroutines.ExperimentalCoroutinesApi' or '@OptIn(kotlinx.coroutines.ExperimentalCoroutinesApi::class)'
w: file:///home/zynergy-labs/Zynergy/forager-wt/topo-night/app/src/test/java/com/zynergylabs/forager/app/ui/log/MushroomLogViewModelTest.kt:802:9 This declaration needs opt-in. Its usage should be marked with '@kotlinx.coroutines.ExperimentalCoroutinesApi' or '@OptIn(kotlinx.coroutines.ExperimentalCoroutinesApi::class)'
w: file:///home/zynergy-labs/Zynergy/forager-wt/topo-night/app/src/test/java/com/zynergylabs/forager/app/ui/log/MushroomLogViewModelTest.kt:823:9 This declaration needs opt-in. Its usage should be marked with '@kotlinx.coroutines.ExperimentalCoroutinesApi' or '@OptIn(kotlinx.coroutines.ExperimentalCoroutinesApi::class)'
w: file:///home/zynergy-labs/Zynergy/forager-wt/topo-night/app/src/test/java/com/zynergylabs/forager/app/ui/log/MushroomLogViewModelTest.kt:825:9 This declaration needs opt-in. Its usage should be marked with '@kotlinx.coroutines.ExperimentalCoroutinesApi' or '@OptIn(kotlinx.coroutines.ExperimentalCoroutinesApi::class)'
w: file:///home/zynergy-labs/Zynergy/forager-wt/topo-night/app/src/test/java/com/zynergylabs/forager/app/ui/log/MushroomLogViewModelTest.kt:828:9 This declaration needs opt-in. Its usage should be marked with '@kotlinx.coroutines.ExperimentalCoroutinesApi' or '@OptIn(kotlinx.coroutines.ExperimentalCoroutinesApi::class)'
w: file:///home/zynergy-labs/Zynergy/forager-wt/topo-night/app/src/test/java/com/zynergylabs/forager/app/ui/log/MushroomLogViewModelTest.kt:846:9 This declaration needs opt-in. Its usage should be marked with '@kotlinx.coroutines.ExperimentalCoroutinesApi' or '@OptIn(kotlinx.coroutines.ExperimentalCoroutinesApi::class)'
w: file:///home/zynergy-labs/Zynergy/forager-wt/topo-night/app/src/test/java/com/zynergylabs/forager/app/ui/log/MushroomLogViewModelTest.kt:849:9 This declaration needs opt-in. Its usage should be marked with '@kotlinx.coroutines.ExperimentalCoroutinesApi' or '@OptIn(kotlinx.coroutines.ExperimentalCoroutinesApi::class)'
w: file:///home/zynergy-labs/Zynergy/forager-wt/topo-night/app/src/test/java/com/zynergylabs/forager/app/ui/log/MushroomLogViewModelTest.kt:854:9 This declaration needs opt-in. Its usage should be marked with '@kotlinx.coroutines.ExperimentalCoroutinesApi' or '@OptIn(kotlinx.coroutines.ExperimentalCoroutinesApi::class)'
w: file:///home/zynergy-labs/Zynergy/forager-wt/topo-night/app/src/test/java/com/zynergylabs/forager/app/ui/log/MushroomLogViewModelTest.kt:876:9 This declaration needs opt-in. Its usage should be marked with '@kotlinx.coroutines.ExperimentalCoroutinesApi' or '@OptIn(kotlinx.coroutines.ExperimentalCoroutinesApi::class)'
w: file:///home/zynergy-labs/Zynergy/forager-wt/topo-night/app/src/test/java/com/zynergylabs/forager/app/ui/log/MushroomLogViewModelTest.kt:879:9 This declaration needs opt-in. Its usage should be marked with '@kotlinx.coroutines.ExperimentalCoroutinesApi' or '@OptIn(kotlinx.coroutines.ExperimentalCoroutinesApi::class)'
w: file:///home/zynergy-labs/Zynergy/forager-wt/topo-night/app/src/test/java/com/zynergylabs/forager/app/ui/log/MushroomLogViewModelTest.kt:882:9 This declaration needs opt-in. Its usage should be marked with '@kotlinx.coroutines.ExperimentalCoroutinesApi' or '@OptIn(kotlinx.coroutines.ExperimentalCoroutinesApi::class)'
w: file:///home/zynergy-labs/Zynergy/forager-wt/topo-night/app/src/test/java/com/zynergylabs/forager/app/ui/log/MushroomLogViewModelTest.kt:885:9 This declaration needs opt-in. Its usage should be marked with '@kotlinx.coroutines.ExperimentalCoroutinesApi' or '@OptIn(kotlinx.coroutines.ExperimentalCoroutinesApi::class)'
w: file:///home/zynergy-labs/Zynergy/forager-wt/topo-night/app/src/test/java/com/zynergylabs/forager/app/ui/log/MushroomLogViewModelTest.kt:912:9 This declaration needs opt-in. Its usage should be marked with '@kotlinx.coroutines.ExperimentalCoroutinesApi' or '@OptIn(kotlinx.coroutines.ExperimentalCoroutinesApi::class)'
w: file:///home/zynergy-labs/Zynergy/forager-wt/topo-night/app/src/test/java/com/zynergylabs/forager/app/ui/log/MushroomLogViewModelTest.kt:915:9 This declaration needs opt-in. Its usage should be marked with '@kotlinx.coroutines.ExperimentalCoroutinesApi' or '@OptIn(kotlinx.coroutines.ExperimentalCoroutinesApi::class)'
w: file:///home/zynergy-labs/Zynergy/forager-wt/topo-night/app/src/test/java/com/zynergylabs/forager/app/ui/log/MushroomLogViewModelTest.kt:919:9 This declaration needs opt-in. Its usage should be marked with '@kotlinx.coroutines.ExperimentalCoroutinesApi' or '@OptIn(kotlinx.coroutines.ExperimentalCoroutinesApi::class)'
w: file:///home/zynergy-labs/Zynergy/forager-wt/topo-night/app/src/test/java/com/zynergylabs/forager/app/ui/log/MushroomLogViewModelTest.kt:923:9 This declaration needs opt-in. Its usage should be marked with '@kotlinx.coroutines.ExperimentalCoroutinesApi' or '@OptIn(kotlinx.coroutines.ExperimentalCoroutinesApi::class)'
w: file:///home/zynergy-labs/Zynergy/forager-wt/topo-night/app/src/test/java/com/zynergylabs/forager/app/ui/log/MushroomLogViewModelTest.kt:938:9 This declaration needs opt-in. Its usage should be marked with '@kotlinx.coroutines.ExperimentalCoroutinesApi' or '@OptIn(kotlinx.coroutines.ExperimentalCoroutinesApi::class)'
w: file:///home/zynergy-labs/Zynergy/forager-wt/topo-night/app/src/test/java/com/zynergylabs/forager/app/ui/log/MushroomLogViewModelTest.kt:941:9 This declaration needs opt-in. Its usage should be marked with '@kotlinx.coroutines.ExperimentalCoroutinesApi' or '@OptIn(kotlinx.coroutines.ExperimentalCoroutinesApi::class)'
w: file:///home/zynergy-labs/Zynergy/forager-wt/topo-night/app/src/test/java/com/zynergylabs/forager/app/ui/log/MushroomLogViewModelTest.kt:945:9 This declaration needs opt-in. Its usage should be marked with '@kotlinx.coroutines.ExperimentalCoroutinesApi' or '@OptIn(kotlinx.coroutines.ExperimentalCoroutinesApi::class)'
w: file:///home/zynergy-labs/Zynergy/forager-wt/topo-night/app/src/test/java/com/zynergylabs/forager/app/ui/log/MushroomLogViewModelTest.kt:948:9 This declaration needs opt-in. Its usage should be marked with '@kotlinx.coroutines.ExperimentalCoroutinesApi' or '@OptIn(kotlinx.coroutines.ExperimentalCoroutinesApi::class)'
w: file:///home/zynergy-labs/Zynergy/forager-wt/topo-night/app/src/test/java/com/zynergylabs/forager/app/ui/log/MushroomLogViewModelTest.kt:970:9 This declaration needs opt-in. Its usage should be marked with '@kotlinx.coroutines.ExperimentalCoroutinesApi' or '@OptIn(kotlinx.coroutines.ExperimentalCoroutinesApi::class)'
w: file:///home/zynergy-labs/Zynergy/forager-wt/topo-night/app/src/test/java/com/zynergylabs/forager/app/ui/log/MushroomLogViewModelTest.kt:973:9 This declaration needs opt-in. Its usage should be marked with '@kotlinx.coroutines.ExperimentalCoroutinesApi' or '@OptIn(kotlinx.coroutines.ExperimentalCoroutinesApi::class)'
w: file:///home/zynergy-labs/Zynergy/forager-wt/topo-night/app/src/test/java/com/zynergylabs/forager/app/ui/log/MushroomLogViewModelTest.kt:978:9 This declaration needs opt-in. Its usage should be marked with '@kotlinx.coroutines.ExperimentalCoroutinesApi' or '@OptIn(kotlinx.coroutines.ExperimentalCoroutinesApi::class)'
w: file:///home/zynergy-labs/Zynergy/forager-wt/topo-night/app/src/test/java/com/zynergylabs/forager/app/ui/log/MushroomLogViewModelTest.kt:1005:9 This declaration needs opt-in. Its usage should be marked with '@kotlinx.coroutines.ExperimentalCoroutinesApi' or '@OptIn(kotlinx.coroutines.ExperimentalCoroutinesApi::class)'
w: file:///home/zynergy-labs/Zynergy/forager-wt/topo-night/app/src/test/java/com/zynergylabs/forager/app/ui/log/MushroomLogViewModelTest.kt:1008:9 This declaration needs opt-in. Its usage should be marked with '@kotlinx.coroutines.ExperimentalCoroutinesApi' or '@OptIn(kotlinx.coroutines.ExperimentalCoroutinesApi::class)'
w: file:///home/zynergy-labs/Zynergy/forager-wt/topo-night/app/src/test/java/com/zynergylabs/forager/app/ui/log/MushroomLogViewModelTest.kt:1012:9 This declaration needs opt-in. Its usage should be marked with '@kotlinx.coroutines.ExperimentalCoroutinesApi' or '@OptIn(kotlinx.coroutines.ExperimentalCoroutinesApi::class)'
w: file:///home/zynergy-labs/Zynergy/forager-wt/topo-night/app/src/test/java/com/zynergylabs/forager/app/ui/log/MushroomLogViewModelTest.kt:1015:9 This declaration needs opt-in. Its usage should be marked with '@kotlinx.coroutines.ExperimentalCoroutinesApi' or '@OptIn(kotlinx.coroutines.ExperimentalCoroutinesApi::class)'
w: file:///home/zynergy-labs/Zynergy/forager-wt/topo-night/app/src/test/java/com/zynergylabs/forager/app/ui/log/MushroomLogViewModelTest.kt:1035:9 This declaration needs opt-in. Its usage should be marked with '@kotlinx.coroutines.ExperimentalCoroutinesApi' or '@OptIn(kotlinx.coroutines.ExperimentalCoroutinesApi::class)'
w: file:///home/zynergy-labs/Zynergy/forager-wt/topo-night/app/src/test/java/com/zynergylabs/forager/app/ui/log/MushroomLogViewModelTest.kt:1038:9 This declaration needs opt-in. Its usage should be marked with '@kotlinx.coroutines.ExperimentalCoroutinesApi' or '@OptIn(kotlinx.coroutines.ExperimentalCoroutinesApi::class)'
w: file:///home/zynergy-labs/Zynergy/forager-wt/topo-night/app/src/test/java/com/zynergylabs/forager/app/ui/log/MushroomLogViewModelTest.kt:1042:9 This declaration needs opt-in. Its usage should be marked with '@kotlinx.coroutines.ExperimentalCoroutinesApi' or '@OptIn(kotlinx.coroutines.ExperimentalCoroutinesApi::class)'
w: file:///home/zynergy-labs/Zynergy/forager-wt/topo-night/app/src/test/java/com/zynergylabs/forager/app/ui/log/MushroomLogViewModelTest.kt:1045:9 This declaration needs opt-in. Its usage should be marked with '@kotlinx.coroutines.ExperimentalCoroutinesApi' or '@OptIn(kotlinx.coroutines.ExperimentalCoroutinesApi::class)'
w: file:///home/zynergy-labs/Zynergy/forager-wt/topo-night/app/src/test/java/com/zynergylabs/forager/app/ui/log/MushroomLogViewModelTest.kt:1076:9 This declaration needs opt-in. Its usage should be marked with '@kotlinx.coroutines.ExperimentalCoroutinesApi' or '@OptIn(kotlinx.coroutines.ExperimentalCoroutinesApi::class)'
w: file:///home/zynergy-labs/Zynergy/forager-wt/topo-night/app/src/test/java/com/zynergylabs/forager/app/ui/log/MushroomLogViewModelTest.kt:1079:9 This declaration needs opt-in. Its usage should be marked with '@kotlinx.coroutines.ExperimentalCoroutinesApi' or '@OptIn(kotlinx.coroutines.ExperimentalCoroutinesApi::class)'
w: file:///home/zynergy-labs/Zynergy/forager-wt/topo-night/app/src/test/java/com/zynergylabs/forager/app/ui/log/MushroomLogViewModelTest.kt:1081:9 This declaration needs opt-in. Its usage should be marked with '@kotlinx.coroutines.ExperimentalCoroutinesApi' or '@OptIn(kotlinx.coroutines.ExperimentalCoroutinesApi::class)'
w: file:///home/zynergy-labs/Zynergy/forager-wt/topo-night/app/src/test/java/com/zynergylabs/forager/app/ui/log/MushroomLogViewModelTest.kt:1084:9 This declaration needs opt-in. Its usage should be marked with '@kotlinx.coroutines.ExperimentalCoroutinesApi' or '@OptIn(kotlinx.coroutines.ExperimentalCoroutinesApi::class)'
w: file:///home/zynergy-labs/Zynergy/forager-wt/topo-night/app/src/test/java/com/zynergylabs/forager/app/ui/log/MushroomLogViewModelTest.kt:1128:9 This declaration needs opt-in. Its usage should be marked with '@kotlinx.coroutines.ExperimentalCoroutinesApi' or '@OptIn(kotlinx.coroutines.ExperimentalCoroutinesApi::class)'
w: file:///home/zynergy-labs/Zynergy/forager-wt/topo-night/app/src/test/java/com/zynergylabs/forager/app/ui/log/MushroomLogViewModelTest.kt:1131:9 This declaration needs opt-in. Its usage should be marked with '@kotlinx.coroutines.ExperimentalCoroutinesApi' or '@OptIn(kotlinx.coroutines.ExperimentalCoroutinesApi::class)'
w: file:///home/zynergy-labs/Zynergy/forager-wt/topo-night/app/src/test/java/com/zynergylabs/forager/app/ui/log/MushroomLogViewModelTest.kt:1156:9 This declaration needs opt-in. Its usage should be marked with '@kotlinx.coroutines.ExperimentalCoroutinesApi' or '@OptIn(kotlinx.coroutines.ExperimentalCoroutinesApi::class)'
w: file:///home/zynergy-labs/Zynergy/forager-wt/topo-night/app/src/test/java/com/zynergylabs/forager/app/ui/log/MushroomLogViewModelTest.kt:1178:9 This declaration needs opt-in. Its usage should be marked with '@kotlinx.coroutines.ExperimentalCoroutinesApi' or '@OptIn(kotlinx.coroutines.ExperimentalCoroutinesApi::class)'
w: file:///home/zynergy-labs/Zynergy/forager-wt/topo-night/app/src/test/java/com/zynergylabs/forager/app/ui/log/MushroomLogViewModelTest.kt:1184:9 This declaration needs opt-in. Its usage should be marked with '@kotlinx.coroutines.ExperimentalCoroutinesApi' or '@OptIn(kotlinx.coroutines.ExperimentalCoroutinesApi::class)'
w: file:///home/zynergy-labs/Zynergy/forager-wt/topo-night/app/src/test/java/com/zynergylabs/forager/app/ui/log/MushroomLogViewModelTest.kt:1202:9 This declaration needs opt-in. Its usage should be marked with '@kotlinx.coroutines.ExperimentalCoroutinesApi' or '@OptIn(kotlinx.coroutines.ExperimentalCoroutinesApi::class)'
w: file:///home/zynergy-labs/Zynergy/forager-wt/topo-night/app/src/test/java/com/zynergylabs/forager/app/ui/log/MushroomLogViewModelTest.kt:1210:9 This declaration needs opt-in. Its usage should be marked with '@kotlinx.coroutines.ExperimentalCoroutinesApi' or '@OptIn(kotlinx.coroutines.ExperimentalCoroutinesApi::class)'
w: file:///home/zynergy-labs/Zynergy/forager-wt/topo-night/app/src/test/java/com/zynergylabs/forager/app/ui/log/MushroomLogViewModelTest.kt:1215:9 This declaration needs opt-in. Its usage should be marked with '@kotlinx.coroutines.ExperimentalCoroutinesApi' or '@OptIn(kotlinx.coroutines.ExperimentalCoroutinesApi::class)'
w: file:///home/zynergy-labs/Zynergy/forager-wt/topo-night/app/src/test/java/com/zynergylabs/forager/app/ui/log/MushroomLogViewModelTest.kt:1229:9 This declaration needs opt-in. Its usage should be marked with '@kotlinx.coroutines.ExperimentalCoroutinesApi' or '@OptIn(kotlinx.coroutines.ExperimentalCoroutinesApi::class)'
w: file:///home/zynergy-labs/Zynergy/forager-wt/topo-night/app/src/test/java/com/zynergylabs/forager/app/ui/log/MushroomLogViewModelTest.kt:1232:9 This declaration needs opt-in. Its usage should be marked with '@kotlinx.coroutines.ExperimentalCoroutinesApi' or '@OptIn(kotlinx.coroutines.ExperimentalCoroutinesApi::class)'
w: file:///home/zynergy-labs/Zynergy/forager-wt/topo-night/app/src/test/java/com/zynergylabs/forager/app/ui/log/MushroomLogViewModelTest.kt:1242:9 This declaration needs opt-in. Its usage should be marked with '@kotlinx.coroutines.ExperimentalCoroutinesApi' or '@OptIn(kotlinx.coroutines.ExperimentalCoroutinesApi::class)'
w: file:///home/zynergy-labs/Zynergy/forager-wt/topo-night/app/src/test/java/com/zynergylabs/forager/app/ui/log/MushroomLogViewModelTest.kt:1245:9 This declaration needs opt-in. Its usage should be marked with '@kotlinx.coroutines.ExperimentalCoroutinesApi' or '@OptIn(kotlinx.coroutines.ExperimentalCoroutinesApi::class)'
w: file:///home/zynergy-labs/Zynergy/forager-wt/topo-night/app/src/test/java/com/zynergylabs/forager/app/ui/log/MushroomLogViewModelTest.kt:1257:9 This declaration needs opt-in. Its usage should be marked with '@kotlinx.coroutines.ExperimentalCoroutinesApi' or '@OptIn(kotlinx.coroutines.ExperimentalCoroutinesApi::class)'
w: file:///home/zynergy-labs/Zynergy/forager-wt/topo-night/app/src/test/java/com/zynergylabs/forager/app/ui/log/MushroomLogViewModelTest.kt:1260:9 This declaration needs opt-in. Its usage should be marked with '@kotlinx.coroutines.ExperimentalCoroutinesApi' or '@OptIn(kotlinx.coroutines.ExperimentalCoroutinesApi::class)'
w: file:///home/zynergy-labs/Zynergy/forager-wt/topo-night/app/src/test/java/com/zynergylabs/forager/app/ui/log/MushroomLogViewModelTest.kt:1274:9 This declaration needs opt-in. Its usage should be marked with '@kotlinx.coroutines.ExperimentalCoroutinesApi' or '@OptIn(kotlinx.coroutines.ExperimentalCoroutinesApi::class)'
w: file:///home/zynergy-labs/Zynergy/forager-wt/topo-night/app/src/test/java/com/zynergylabs/forager/app/ui/log/MushroomLogViewModelTest.kt:1277:9 This declaration needs opt-in. Its usage should be marked with '@kotlinx.coroutines.ExperimentalCoroutinesApi' or '@OptIn(kotlinx.coroutines.ExperimentalCoroutinesApi::class)'
w: file:///home/zynergy-labs/Zynergy/forager-wt/topo-night/app/src/test/java/com/zynergylabs/forager/app/ui/log/MushroomLogViewModelTest.kt:1286:9 This declaration needs opt-in. Its usage should be marked with '@kotlinx.coroutines.ExperimentalCoroutinesApi' or '@OptIn(kotlinx.coroutines.ExperimentalCoroutinesApi::class)'
w: file:///home/zynergy-labs/Zynergy/forager-wt/topo-night/app/src/test/java/com/zynergylabs/forager/app/ui/log/MushroomLogViewModelTest.kt:1289:9 This declaration needs opt-in. Its usage should be marked with '@kotlinx.coroutines.ExperimentalCoroutinesApi' or '@OptIn(kotlinx.coroutines.ExperimentalCoroutinesApi::class)'
w: file:///home/zynergy-labs/Zynergy/forager-wt/topo-night/app/src/test/java/com/zynergylabs/forager/app/ui/log/MushroomLogViewModelTest.kt:1301:9 This declaration needs opt-in. Its usage should be marked with '@kotlinx.coroutines.ExperimentalCoroutinesApi' or '@OptIn(kotlinx.coroutines.ExperimentalCoroutinesApi::class)'
w: file:///home/zynergy-labs/Zynergy/forager-wt/topo-night/app/src/test/java/com/zynergylabs/forager/app/ui/log/MushroomLogViewModelTest.kt:1303:9 This declaration needs opt-in. Its usage should be marked with '@kotlinx.coroutines.ExperimentalCoroutinesApi' or '@OptIn(kotlinx.coroutines.ExperimentalCoroutinesApi::class)'
w: file:///home/zynergy-labs/Zynergy/forager-wt/topo-night/app/src/test/java/com/zynergylabs/forager/app/ui/log/MushroomLogViewModelTest.kt:1307:9 This declaration needs opt-in. Its usage should be marked with '@kotlinx.coroutines.ExperimentalCoroutinesApi' or '@OptIn(kotlinx.coroutines.ExperimentalCoroutinesApi::class)'
w: file:///home/zynergy-labs/Zynergy/forager-wt/topo-night/app/src/test/java/com/zynergylabs/forager/app/ui/log/MushroomLogViewModelTest.kt:1321:9 This declaration needs opt-in. Its usage should be marked with '@kotlinx.coroutines.ExperimentalCoroutinesApi' or '@OptIn(kotlinx.coroutines.ExperimentalCoroutinesApi::class)'
w: file:///home/zynergy-labs/Zynergy/forager-wt/topo-night/app/src/test/java/com/zynergylabs/forager/app/ui/log/MushroomLogViewModelTest.kt:1323:9 This declaration needs opt-in. Its usage should be marked with '@kotlinx.coroutines.ExperimentalCoroutinesApi' or '@OptIn(kotlinx.coroutines.ExperimentalCoroutinesApi::class)'
w: file:///home/zynergy-labs/Zynergy/forager-wt/topo-night/app/src/test/java/com/zynergylabs/forager/app/ui/log/MushroomLogViewModelTest.kt:1326:9 This declaration needs opt-in. Its usage should be marked with '@kotlinx.coroutines.ExperimentalCoroutinesApi' or '@OptIn(kotlinx.coroutines.ExperimentalCoroutinesApi::class)'
w: file:///home/zynergy-labs/Zynergy/forager-wt/topo-night/app/src/test/java/com/zynergylabs/forager/app/ui/log/MushroomLogViewModelTest.kt:1340:9 This declaration needs opt-in. Its usage should be marked with '@kotlinx.coroutines.ExperimentalCoroutinesApi' or '@OptIn(kotlinx.coroutines.ExperimentalCoroutinesApi::class)'
w: file:///home/zynergy-labs/Zynergy/forager-wt/topo-night/app/src/test/java/com/zynergylabs/forager/app/ui/log/MushroomLogViewModelTest.kt:1342:9 This declaration needs opt-in. Its usage should be marked with '@kotlinx.coroutines.ExperimentalCoroutinesApi' or '@OptIn(kotlinx.coroutines.ExperimentalCoroutinesApi::class)'
w: file:///home/zynergy-labs/Zynergy/forager-wt/topo-night/app/src/test/java/com/zynergylabs/forager/app/ui/log/MushroomLogViewModelTest.kt:1345:9 This declaration needs opt-in. Its usage should be marked with '@kotlinx.coroutines.ExperimentalCoroutinesApi' or '@OptIn(kotlinx.coroutines.ExperimentalCoroutinesApi::class)'
w: file:///home/zynergy-labs/Zynergy/forager-wt/topo-night/app/src/test/java/com/zynergylabs/forager/app/ui/log/MushroomLogViewModelTest.kt:1359:9 This declaration needs opt-in. Its usage should be marked with '@kotlinx.coroutines.ExperimentalCoroutinesApi' or '@OptIn(kotlinx.coroutines.ExperimentalCoroutinesApi::class)'
w: file:///home/zynergy-labs/Zynergy/forager-wt/topo-night/app/src/test/java/com/zynergylabs/forager/app/ui/log/MushroomLogViewModelTest.kt:1361:9 This declaration needs opt-in. Its usage should be marked with '@kotlinx.coroutines.ExperimentalCoroutinesApi' or '@OptIn(kotlinx.coroutines.ExperimentalCoroutinesApi::class)'
w: file:///home/zynergy-labs/Zynergy/forager-wt/topo-night/app/src/test/java/com/zynergylabs/forager/app/ui/log/MushroomLogViewModelTest.kt:1364:9 This declaration needs opt-in. Its usage should be marked with '@kotlinx.coroutines.ExperimentalCoroutinesApi' or '@OptIn(kotlinx.coroutines.ExperimentalCoroutinesApi::class)'
w: file:///home/zynergy-labs/Zynergy/forager-wt/topo-night/app/src/test/java/com/zynergylabs/forager/app/ui/log/MushroomLogViewModelTest.kt:1380:9 This declaration needs opt-in. Its usage should be marked with '@kotlinx.coroutines.ExperimentalCoroutinesApi' or '@OptIn(kotlinx.coroutines.ExperimentalCoroutinesApi::class)'
w: file:///home/zynergy-labs/Zynergy/forager-wt/topo-night/app/src/test/java/com/zynergylabs/forager/app/ui/log/MushroomLogViewModelTest.kt:1382:9 This declaration needs opt-in. Its usage should be marked with '@kotlinx.coroutines.ExperimentalCoroutinesApi' or '@OptIn(kotlinx.coroutines.ExperimentalCoroutinesApi::class)'
w: file:///home/zynergy-labs/Zynergy/forager-wt/topo-night/app/src/test/java/com/zynergylabs/forager/app/ui/log/MushroomLogViewModelTest.kt:1384:9 This declaration needs opt-in. Its usage should be marked with '@kotlinx.coroutines.ExperimentalCoroutinesApi' or '@OptIn(kotlinx.coroutines.ExperimentalCoroutinesApi::class)'
w: file:///home/zynergy-labs/Zynergy/forager-wt/topo-night/app/src/test/java/com/zynergylabs/forager/app/ui/log/MushroomLogViewModelTest.kt:1388:9 This declaration needs opt-in. Its usage should be marked with '@kotlinx.coroutines.ExperimentalCoroutinesApi' or '@OptIn(kotlinx.coroutines.ExperimentalCoroutinesApi::class)'
w: file:///home/zynergy-labs/Zynergy/forager-wt/topo-night/app/src/test/java/com/zynergylabs/forager/app/ui/log/MushroomLogViewModelTest.kt:1390:9 This declaration needs opt-in. Its usage should be marked with '@kotlinx.coroutines.ExperimentalCoroutinesApi' or '@OptIn(kotlinx.coroutines.ExperimentalCoroutinesApi::class)'
w: file:///home/zynergy-labs/Zynergy/forager-wt/topo-night/app/src/test/java/com/zynergylabs/forager/app/ui/log/MushroomLogViewModelTest.kt:1412:9 This declaration needs opt-in. Its usage should be marked with '@kotlinx.coroutines.ExperimentalCoroutinesApi' or '@OptIn(kotlinx.coroutines.ExperimentalCoroutinesApi::class)'
w: file:///home/zynergy-labs/Zynergy/forager-wt/topo-night/app/src/test/java/com/zynergylabs/forager/app/ui/log/MushroomLogViewModelTest.kt:1415:9 This declaration needs opt-in. Its usage should be marked with '@kotlinx.coroutines.ExperimentalCoroutinesApi' or '@OptIn(kotlinx.coroutines.ExperimentalCoroutinesApi::class)'
w: file:///home/zynergy-labs/Zynergy/forager-wt/topo-night/app/src/test/java/com/zynergylabs/forager/app/ui/log/MushroomLogViewModelTest.kt:1431:9 This declaration needs opt-in. Its usage should be marked with '@kotlinx.coroutines.ExperimentalCoroutinesApi' or '@OptIn(kotlinx.coroutines.ExperimentalCoroutinesApi::class)'
w: file:///home/zynergy-labs/Zynergy/forager-wt/topo-night/app/src/test/java/com/zynergylabs/forager/app/ui/log/MushroomLogViewModelTest.kt:1434:9 This declaration needs opt-in. Its usage should be marked with '@kotlinx.coroutines.ExperimentalCoroutinesApi' or '@OptIn(kotlinx.coroutines.ExperimentalCoroutinesApi::class)'
w: file:///home/zynergy-labs/Zynergy/forager-wt/topo-night/app/src/test/java/com/zynergylabs/forager/app/ui/log/MushroomLogViewModelTest.kt:1446:9 This declaration needs opt-in. Its usage should be marked with '@kotlinx.coroutines.ExperimentalCoroutinesApi' or '@OptIn(kotlinx.coroutines.ExperimentalCoroutinesApi::class)'
w: file:///home/zynergy-labs/Zynergy/forager-wt/topo-night/app/src/test/java/com/zynergylabs/forager/app/ui/log/MushroomLogViewModelTest.kt:1448:9 This declaration needs opt-in. Its usage should be marked with '@kotlinx.coroutines.ExperimentalCoroutinesApi' or '@OptIn(kotlinx.coroutines.ExperimentalCoroutinesApi::class)'
w: file:///home/zynergy-labs/Zynergy/forager-wt/topo-night/app/src/test/java/com/zynergylabs/forager/app/ui/log/MushroomLogViewModelTest.kt:1451:9 This declaration needs opt-in. Its usage should be marked with '@kotlinx.coroutines.ExperimentalCoroutinesApi' or '@OptIn(kotlinx.coroutines.ExperimentalCoroutinesApi::class)'
w: file:///home/zynergy-labs/Zynergy/forager-wt/topo-night/app/src/test/java/com/zynergylabs/forager/app/ui/log/MushroomLogViewModelTest.kt:1467:9 This declaration needs opt-in. Its usage should be marked with '@kotlinx.coroutines.ExperimentalCoroutinesApi' or '@OptIn(kotlinx.coroutines.ExperimentalCoroutinesApi::class)'
w: file:///home/zynergy-labs/Zynergy/forager-wt/topo-night/app/src/test/java/com/zynergylabs/forager/app/ui/log/MushroomLogViewModelTest.kt:1470:9 This declaration needs opt-in. Its usage should be marked with '@kotlinx.coroutines.ExperimentalCoroutinesApi' or '@OptIn(kotlinx.coroutines.ExperimentalCoroutinesApi::class)'
w: file:///home/zynergy-labs/Zynergy/forager-wt/topo-night/app/src/test/java/com/zynergylabs/forager/app/ui/log/MushroomLogViewModelTest.kt:1486:9 This declaration needs opt-in. Its usage should be marked with '@kotlinx.coroutines.ExperimentalCoroutinesApi' or '@OptIn(kotlinx.coroutines.ExperimentalCoroutinesApi::class)'
w: file:///home/zynergy-labs/Zynergy/forager-wt/topo-night/app/src/test/java/com/zynergylabs/forager/app/ui/log/MushroomLogViewModelTest.kt:1488:9 This declaration needs opt-in. Its usage should be marked with '@kotlinx.coroutines.ExperimentalCoroutinesApi' or '@OptIn(kotlinx.coroutines.ExperimentalCoroutinesApi::class)'
w: file:///home/zynergy-labs/Zynergy/forager-wt/topo-night/app/src/test/java/com/zynergylabs/forager/app/ui/log/MushroomLogViewModelTest.kt:1491:9 This declaration needs opt-in. Its usage should be marked with '@kotlinx.coroutines.ExperimentalCoroutinesApi' or '@OptIn(kotlinx.coroutines.ExperimentalCoroutinesApi::class)'
w: file:///home/zynergy-labs/Zynergy/forager-wt/topo-night/app/src/test/java/com/zynergylabs/forager/app/ui/log/MushroomLogViewModelTest.kt:1516:9 This declaration needs opt-in. Its usage should be marked with '@kotlinx.coroutines.ExperimentalCoroutinesApi' or '@OptIn(kotlinx.coroutines.ExperimentalCoroutinesApi::class)'
w: file:///home/zynergy-labs/Zynergy/forager-wt/topo-night/app/src/test/java/com/zynergylabs/forager/app/ui/log/MushroomLogViewModelTest.kt:1522:9 This declaration needs opt-in. Its usage should be marked with '@kotlinx.coroutines.ExperimentalCoroutinesApi' or '@OptIn(kotlinx.coroutines.ExperimentalCoroutinesApi::class)'
w: file:///home/zynergy-labs/Zynergy/forager-wt/topo-night/app/src/test/java/com/zynergylabs/forager/app/ui/log/MushroomLogViewModelTest.kt:1539:9 This declaration needs opt-in. Its usage should be marked with '@kotlinx.coroutines.ExperimentalCoroutinesApi' or '@OptIn(kotlinx.coroutines.ExperimentalCoroutinesApi::class)'
w: file:///home/zynergy-labs/Zynergy/forager-wt/topo-night/app/src/test/java/com/zynergylabs/forager/app/ui/log/MushroomLogViewModelTest.kt:1542:9 This declaration needs opt-in. Its usage should be marked with '@kotlinx.coroutines.ExperimentalCoroutinesApi' or '@OptIn(kotlinx.coroutines.ExperimentalCoroutinesApi::class)'
w: file:///home/zynergy-labs/Zynergy/forager-wt/topo-night/app/src/test/java/com/zynergylabs/forager/app/ui/log/MushroomLogViewModelTest.kt:1555:9 This declaration needs opt-in. Its usage should be marked with '@kotlinx.coroutines.ExperimentalCoroutinesApi' or '@OptIn(kotlinx.coroutines.ExperimentalCoroutinesApi::class)'
w: file:///home/zynergy-labs/Zynergy/forager-wt/topo-night/app/src/test/java/com/zynergylabs/forager/app/ui/log/MushroomLogViewModelTest.kt:1558:9 This declaration needs opt-in. Its usage should be marked with '@kotlinx.coroutines.ExperimentalCoroutinesApi' or '@OptIn(kotlinx.coroutines.ExperimentalCoroutinesApi::class)'
w: file:///home/zynergy-labs/Zynergy/forager-wt/topo-night/app/src/test/java/com/zynergylabs/forager/app/ui/log/MushroomLogViewModelTest.kt:1574:9 This declaration needs opt-in. Its usage should be marked with '@kotlinx.coroutines.ExperimentalCoroutinesApi' or '@OptIn(kotlinx.coroutines.ExperimentalCoroutinesApi::class)'
w: file:///home/zynergy-labs/Zynergy/forager-wt/topo-night/app/src/test/java/com/zynergylabs/forager/app/ui/log/MushroomLogViewModelTest.kt:1577:9 This declaration needs opt-in. Its usage should be marked with '@kotlinx.coroutines.ExperimentalCoroutinesApi' or '@OptIn(kotlinx.coroutines.ExperimentalCoroutinesApi::class)'
w: file:///home/zynergy-labs/Zynergy/forager-wt/topo-night/app/src/test/java/com/zynergylabs/forager/app/ui/log/MushroomLogViewModelTest.kt:1580:9 This declaration needs opt-in. Its usage should be marked with '@kotlinx.coroutines.ExperimentalCoroutinesApi' or '@OptIn(kotlinx.coroutines.ExperimentalCoroutinesApi::class)'
w: file:///home/zynergy-labs/Zynergy/forager-wt/topo-night/app/src/test/java/com/zynergylabs/forager/app/ui/log/MushroomLogViewModelTest.kt:1596:9 This declaration needs opt-in. Its usage should be marked with '@kotlinx.coroutines.ExperimentalCoroutinesApi' or '@OptIn(kotlinx.coroutines.ExperimentalCoroutinesApi::class)'
w: file:///home/zynergy-labs/Zynergy/forager-wt/topo-night/app/src/test/java/com/zynergylabs/forager/app/ui/log/MushroomLogViewModelTest.kt:1598:9 This declaration needs opt-in. Its usage should be marked with '@kotlinx.coroutines.ExperimentalCoroutinesApi' or '@OptIn(kotlinx.coroutines.ExperimentalCoroutinesApi::class)'
w: file:///home/zynergy-labs/Zynergy/forager-wt/topo-night/app/src/test/java/com/zynergylabs/forager/app/ui/log/MushroomLogViewModelTest.kt:1602:9 This declaration needs opt-in. Its usage should be marked with '@kotlinx.coroutines.ExperimentalCoroutinesApi' or '@OptIn(kotlinx.coroutines.ExperimentalCoroutinesApi::class)'
w: file:///home/zynergy-labs/Zynergy/forager-wt/topo-night/app/src/test/java/com/zynergylabs/forager/app/ui/log/MushroomLogViewModelTest.kt:1615:9 This declaration needs opt-in. Its usage should be marked with '@kotlinx.coroutines.ExperimentalCoroutinesApi' or '@OptIn(kotlinx.coroutines.ExperimentalCoroutinesApi::class)'
w: file:///home/zynergy-labs/Zynergy/forager-wt/topo-night/app/src/test/java/com/zynergylabs/forager/app/ui/log/MushroomLogViewModelTest.kt:1618:9 This declaration needs opt-in. Its usage should be marked with '@kotlinx.coroutines.ExperimentalCoroutinesApi' or '@OptIn(kotlinx.coroutines.ExperimentalCoroutinesApi::class)'
w: file:///home/zynergy-labs/Zynergy/forager-wt/topo-night/app/src/test/java/com/zynergylabs/forager/app/ui/log/MushroomLogViewModelTest.kt:1621:9 This declaration needs opt-in. Its usage should be marked with '@kotlinx.coroutines.ExperimentalCoroutinesApi' or '@OptIn(kotlinx.coroutines.ExperimentalCoroutinesApi::class)'
w: file:///home/zynergy-labs/Zynergy/forager-wt/topo-night/app/src/test/java/com/zynergylabs/forager/app/ui/log/MushroomLogViewModelTest.kt:1623:9 This declaration needs opt-in. Its usage should be marked with '@kotlinx.coroutines.ExperimentalCoroutinesApi' or '@OptIn(kotlinx.coroutines.ExperimentalCoroutinesApi::class)'
w: file:///home/zynergy-labs/Zynergy/forager-wt/topo-night/app/src/test/java/com/zynergylabs/forager/app/ui/log/MushroomLogViewModelTest.kt:1626:9 This declaration needs opt-in. Its usage should be marked with '@kotlinx.coroutines.ExperimentalCoroutinesApi' or '@OptIn(kotlinx.coroutines.ExperimentalCoroutinesApi::class)'
w: file:///home/zynergy-labs/Zynergy/forager-wt/topo-night/app/src/test/java/com/zynergylabs/forager/app/ui/log/MushroomLogViewModelTest.kt:1629:9 This declaration needs opt-in. Its usage should be marked with '@kotlinx.coroutines.ExperimentalCoroutinesApi' or '@OptIn(kotlinx.coroutines.ExperimentalCoroutinesApi::class)'
w: file:///home/zynergy-labs/Zynergy/forager-wt/topo-night/app/src/test/java/com/zynergylabs/forager/app/ui/log/MushroomLogViewModelTest.kt:1642:9 This declaration needs opt-in. Its usage should be marked with '@kotlinx.coroutines.ExperimentalCoroutinesApi' or '@OptIn(kotlinx.coroutines.ExperimentalCoroutinesApi::class)'
w: file:///home/zynergy-labs/Zynergy/forager-wt/topo-night/app/src/test/java/com/zynergylabs/forager/app/ui/log/MushroomLogViewModelTest.kt:1644:9 This declaration needs opt-in. Its usage should be marked with '@kotlinx.coroutines.ExperimentalCoroutinesApi' or '@OptIn(kotlinx.coroutines.ExperimentalCoroutinesApi::class)'
w: file:///home/zynergy-labs/Zynergy/forager-wt/topo-night/app/src/test/java/com/zynergylabs/forager/app/ui/log/MushroomLogViewModelTest.kt:1648:9 This declaration needs opt-in. Its usage should be marked with '@kotlinx.coroutines.ExperimentalCoroutinesApi' or '@OptIn(kotlinx.coroutines.ExperimentalCoroutinesApi::class)'
w: file:///home/zynergy-labs/Zynergy/forager-wt/topo-night/app/src/test/java/com/zynergylabs/forager/app/ui/log/MushroomLogViewModelTest.kt:1659:9 This declaration needs opt-in. Its usage should be marked with '@kotlinx.coroutines.ExperimentalCoroutinesApi' or '@OptIn(kotlinx.coroutines.ExperimentalCoroutinesApi::class)'
w: file:///home/zynergy-labs/Zynergy/forager-wt/topo-night/app/src/test/java/com/zynergylabs/forager/app/ui/log/MushroomLogViewModelTest.kt:1661:9 This declaration needs opt-in. Its usage should be marked with '@kotlinx.coroutines.ExperimentalCoroutinesApi' or '@OptIn(kotlinx.coroutines.ExperimentalCoroutinesApi::class)'
w: file:///home/zynergy-labs/Zynergy/forager-wt/topo-night/app/src/test/java/com/zynergylabs/forager/app/ui/log/MushroomLogViewModelTest.kt:1664:9 This declaration needs opt-in. Its usage should be marked with '@kotlinx.coroutines.ExperimentalCoroutinesApi' or '@OptIn(kotlinx.coroutines.ExperimentalCoroutinesApi::class)'
w: file:///home/zynergy-labs/Zynergy/forager-wt/topo-night/app/src/test/java/com/zynergylabs/forager/app/ui/log/MushroomLogViewModelTest.kt:1666:9 This declaration needs opt-in. Its usage should be marked with '@kotlinx.coroutines.ExperimentalCoroutinesApi' or '@OptIn(kotlinx.coroutines.ExperimentalCoroutinesApi::class)'
w: file:///home/zynergy-labs/Zynergy/forager-wt/topo-night/app/src/test/java/com/zynergylabs/forager/app/ui/log/MushroomLogViewModelTest.kt:1677:9 This declaration needs opt-in. Its usage should be marked with '@kotlinx.coroutines.ExperimentalCoroutinesApi' or '@OptIn(kotlinx.coroutines.ExperimentalCoroutinesApi::class)'
w: file:///home/zynergy-labs/Zynergy/forager-wt/topo-night/app/src/test/java/com/zynergylabs/forager/app/ui/log/MushroomLogViewModelTest.kt:1679:9 This declaration needs opt-in. Its usage should be marked with '@kotlinx.coroutines.ExperimentalCoroutinesApi' or '@OptIn(kotlinx.coroutines.ExperimentalCoroutinesApi::class)'
w: file:///home/zynergy-labs/Zynergy/forager-wt/topo-night/app/src/test/java/com/zynergylabs/forager/app/ui/log/MushroomLogViewModelTest.kt:1682:9 This declaration needs opt-in. Its usage should be marked with '@kotlinx.coroutines.ExperimentalCoroutinesApi' or '@OptIn(kotlinx.coroutines.ExperimentalCoroutinesApi::class)'
w: file:///home/zynergy-labs/Zynergy/forager-wt/topo-night/app/src/test/java/com/zynergylabs/forager/app/ui/log/MushroomLogViewModelTest.kt:1698:9 This declaration needs opt-in. Its usage should be marked with '@kotlinx.coroutines.ExperimentalCoroutinesApi' or '@OptIn(kotlinx.coroutines.ExperimentalCoroutinesApi::class)'
w: file:///home/zynergy-labs/Zynergy/forager-wt/topo-night/app/src/test/java/com/zynergylabs/forager/app/ui/log/MushroomLogViewModelTest.kt:1700:9 This declaration needs opt-in. Its usage should be marked with '@kotlinx.coroutines.ExperimentalCoroutinesApi' or '@OptIn(kotlinx.coroutines.ExperimentalCoroutinesApi::class)'
w: file:///home/zynergy-labs/Zynergy/forager-wt/topo-night/app/src/test/java/com/zynergylabs/forager/app/ui/log/MushroomLogViewModelTest.kt:1704:9 This declaration needs opt-in. Its usage should be marked with '@kotlinx.coroutines.ExperimentalCoroutinesApi' or '@OptIn(kotlinx.coroutines.ExperimentalCoroutinesApi::class)'
w: file:///home/zynergy-labs/Zynergy/forager-wt/topo-night/app/src/test/java/com/zynergylabs/forager/app/ui/log/MushroomLogViewModelTest.kt:1728:9 This declaration needs opt-in. Its usage should be marked with '@kotlinx.coroutines.ExperimentalCoroutinesApi' or '@OptIn(kotlinx.coroutines.ExperimentalCoroutinesApi::class)'
w: file:///home/zynergy-labs/Zynergy/forager-wt/topo-night/app/src/test/java/com/zynergylabs/forager/app/ui/log/MushroomLogViewModelTest.kt:1732:9 This declaration needs opt-in. Its usage should be marked with '@kotlinx.coroutines.ExperimentalCoroutinesApi' or '@OptIn(kotlinx.coroutines.ExperimentalCoroutinesApi::class)'
w: file:///home/zynergy-labs/Zynergy/forager-wt/topo-night/app/src/test/java/com/zynergylabs/forager/app/ui/log/MushroomLogViewModelTest.kt:1750:9 This declaration needs opt-in. Its usage should be marked with '@kotlinx.coroutines.ExperimentalCoroutinesApi' or '@OptIn(kotlinx.coroutines.ExperimentalCoroutinesApi::class)'
w: file:///home/zynergy-labs/Zynergy/forager-wt/topo-night/app/src/test/java/com/zynergylabs/forager/app/ui/log/MushroomLogViewModelTest.kt:1752:9 This declaration needs opt-in. Its usage should be marked with '@kotlinx.coroutines.ExperimentalCoroutinesApi' or '@OptIn(kotlinx.coroutines.ExperimentalCoroutinesApi::class)'
w: file:///home/zynergy-labs/Zynergy/forager-wt/topo-night/app/src/test/java/com/zynergylabs/forager/app/ui/log/MushroomLogViewModelTest.kt:1756:9 This declaration needs opt-in. Its usage should be marked with '@kotlinx.coroutines.ExperimentalCoroutinesApi' or '@OptIn(kotlinx.coroutines.ExperimentalCoroutinesApi::class)'
w: file:///home/zynergy-labs/Zynergy/forager-wt/topo-night/app/src/test/java/com/zynergylabs/forager/app/ui/log/MushroomLogViewModelTest.kt:1769:9 This declaration needs opt-in. Its usage should be marked with '@kotlinx.coroutines.ExperimentalCoroutinesApi' or '@OptIn(kotlinx.coroutines.ExperimentalCoroutinesApi::class)'
w: file:///home/zynergy-labs/Zynergy/forager-wt/topo-night/app/src/test/java/com/zynergylabs/forager/app/ui/log/MushroomLogViewModelTest.kt:1771:9 This declaration needs opt-in. Its usage should be marked with '@kotlinx.coroutines.ExperimentalCoroutinesApi' or '@OptIn(kotlinx.coroutines.ExperimentalCoroutinesApi::class)'
w: file:///home/zynergy-labs/Zynergy/forager-wt/topo-night/app/src/test/java/com/zynergylabs/forager/app/ui/log/MushroomLogViewModelTest.kt:1775:9 This declaration needs opt-in. Its usage should be marked with '@kotlinx.coroutines.ExperimentalCoroutinesApi' or '@OptIn(kotlinx.coroutines.ExperimentalCoroutinesApi::class)'
w: file:///home/zynergy-labs/Zynergy/forager-wt/topo-night/app/src/test/java/com/zynergylabs/forager/app/ui/log/MushroomLogViewModelTest.kt:1777:9 This declaration needs opt-in. Its usage should be marked with '@kotlinx.coroutines.ExperimentalCoroutinesApi' or '@OptIn(kotlinx.coroutines.ExperimentalCoroutinesApi::class)'
w: file:///home/zynergy-labs/Zynergy/forager-wt/topo-night/app/src/test/java/com/zynergylabs/forager/app/ui/log/MushroomLogViewModelTest.kt:1790:9 This declaration needs opt-in. Its usage should be marked with '@kotlinx.coroutines.ExperimentalCoroutinesApi' or '@OptIn(kotlinx.coroutines.ExperimentalCoroutinesApi::class)'
w: file:///home/zynergy-labs/Zynergy/forager-wt/topo-night/app/src/test/java/com/zynergylabs/forager/app/ui/log/MushroomLogViewModelTest.kt:1792:9 This declaration needs opt-in. Its usage should be marked with '@kotlinx.coroutines.ExperimentalCoroutinesApi' or '@OptIn(kotlinx.coroutines.ExperimentalCoroutinesApi::class)'
w: file:///home/zynergy-labs/Zynergy/forager-wt/topo-night/app/src/test/java/com/zynergylabs/forager/app/ui/log/MushroomLogViewModelTest.kt:1795:9 This declaration needs opt-in. Its usage should be marked with '@kotlinx.coroutines.ExperimentalCoroutinesApi' or '@OptIn(kotlinx.coroutines.ExperimentalCoroutinesApi::class)'
w: file:///home/zynergy-labs/Zynergy/forager-wt/topo-night/app/src/test/java/com/zynergylabs/forager/app/ui/log/MushroomLogViewModelTest.kt:1813:9 This declaration needs opt-in. Its usage should be marked with '@kotlinx.coroutines.ExperimentalCoroutinesApi' or '@OptIn(kotlinx.coroutines.ExperimentalCoroutinesApi::class)'
w: file:///home/zynergy-labs/Zynergy/forager-wt/topo-night/app/src/test/java/com/zynergylabs/forager/app/ui/log/MushroomLogViewModelTest.kt:1815:9 This declaration needs opt-in. Its usage should be marked with '@kotlinx.coroutines.ExperimentalCoroutinesApi' or '@OptIn(kotlinx.coroutines.ExperimentalCoroutinesApi::class)'
w: file:///home/zynergy-labs/Zynergy/forager-wt/topo-night/app/src/test/java/com/zynergylabs/forager/app/ui/log/MushroomLogViewModelTest.kt:1819:9 This declaration needs opt-in. Its usage should be marked with '@kotlinx.coroutines.ExperimentalCoroutinesApi' or '@OptIn(kotlinx.coroutines.ExperimentalCoroutinesApi::class)'
w: file:///home/zynergy-labs/Zynergy/forager-wt/topo-night/app/src/test/java/com/zynergylabs/forager/app/ui/log/MushroomLogViewModelTest.kt:1830:9 This declaration needs opt-in. Its usage should be marked with '@kotlinx.coroutines.ExperimentalCoroutinesApi' or '@OptIn(kotlinx.coroutines.ExperimentalCoroutinesApi::class)'
w: file:///home/zynergy-labs/Zynergy/forager-wt/topo-night/app/src/test/java/com/zynergylabs/forager/app/ui/log/MushroomLogViewModelTest.kt:1832:9 This declaration needs opt-in. Its usage should be marked with '@kotlinx.coroutines.ExperimentalCoroutinesApi' or '@OptIn(kotlinx.coroutines.ExperimentalCoroutinesApi::class)'
w: file:///home/zynergy-labs/Zynergy/forager-wt/topo-night/app/src/test/java/com/zynergylabs/forager/app/ui/log/MushroomLogViewModelTest.kt:1836:9 This declaration needs opt-in. Its usage should be marked with '@kotlinx.coroutines.ExperimentalCoroutinesApi' or '@OptIn(kotlinx.coroutines.ExperimentalCoroutinesApi::class)'
w: file:///home/zynergy-labs/Zynergy/forager-wt/topo-night/app/src/test/java/com/zynergylabs/forager/app/ui/log/MushroomLogViewModelTest.kt:1848:9 This declaration needs opt-in. Its usage should be marked with '@kotlinx.coroutines.ExperimentalCoroutinesApi' or '@OptIn(kotlinx.coroutines.ExperimentalCoroutinesApi::class)'
w: file:///home/zynergy-labs/Zynergy/forager-wt/topo-night/app/src/test/java/com/zynergylabs/forager/app/ui/log/MushroomLogViewModelTest.kt:1851:9 This declaration needs opt-in. Its usage should be marked with '@kotlinx.coroutines.ExperimentalCoroutinesApi' or '@OptIn(kotlinx.coroutines.ExperimentalCoroutinesApi::class)'
w: file:///home/zynergy-labs/Zynergy/forager-wt/topo-night/app/src/test/java/com/zynergylabs/forager/app/ui/log/PhotoViewerDialogTest.kt:62:31 'fun createComposeRule(effectContext: CoroutineContext = ...): ComposeContentTestRule' is deprecated. Use `androidx.compose.ui.test.junit4.v2.createComposeRule` instead. The v2 APIs use StandardTestDispatcher instead of UnconfinedTestDispatcher, which aligns with standard coroutine behavior by queuing tasks rather than executing them immediately. Tests relying on immediate execution may require explicit synchronization. Please refer to the migration guide for more details.
w: file:///home/zynergy-labs/Zynergy/forager-wt/topo-night/app/src/test/java/com/zynergylabs/forager/app/ui/log/PhotoViewerSaveTest.kt:108:31 'fun <reified A : ComponentActivity> createAndroidComposeRule(effectContext: CoroutineContext = ...): AndroidComposeTestRule<ActivityScenarioRule<A>, A>' is deprecated. Use `androidx.compose.ui.test.junit4.v2.createAndroidComposeRule` instead. The v2 APIs use StandardTestDispatcher instead of UnconfinedTestDispatcher, which aligns with standard coroutine behavior by queuing tasks rather than executing them immediately. Tests relying on immediate execution may require explicit synchronization. Please refer to the migration guide for more details.
w: file:///home/zynergy-labs/Zynergy/forager-wt/topo-night/app/src/test/java/com/zynergylabs/forager/app/ui/log/PhotoViewerSaveTest.kt:240:31 'fun <reified A : ComponentActivity> createAndroidComposeRule(effectContext: CoroutineContext = ...): AndroidComposeTestRule<ActivityScenarioRule<A>, A>' is deprecated. Use `androidx.compose.ui.test.junit4.v2.createAndroidComposeRule` instead. The v2 APIs use StandardTestDispatcher instead of UnconfinedTestDispatcher, which aligns with standard coroutine behavior by queuing tasks rather than executing them immediately. Tests relying on immediate execution may require explicit synchronization. Please refer to the migration guide for more details.
w: file:///home/zynergy-labs/Zynergy/forager-wt/topo-night/app/src/test/java/com/zynergylabs/forager/app/ui/log/RecordDetailsSheetTest.kt:93:31 'fun <reified A : ComponentActivity> createAndroidComposeRule(effectContext: CoroutineContext = ...): AndroidComposeTestRule<ActivityScenarioRule<A>, A>' is deprecated. Use `androidx.compose.ui.test.junit4.v2.createAndroidComposeRule` instead. The v2 APIs use StandardTestDispatcher instead of UnconfinedTestDispatcher, which aligns with standard coroutine behavior by queuing tasks rather than executing them immediately. Tests relying on immediate execution may require explicit synchronization. Please refer to the migration guide for more details.
w: file:///home/zynergy-labs/Zynergy/forager-wt/topo-night/app/src/test/java/com/zynergylabs/forager/app/ui/log/RecordsChipRowScrollTest.kt:54:31 'fun createComposeRule(effectContext: CoroutineContext = ...): ComposeContentTestRule' is deprecated. Use `androidx.compose.ui.test.junit4.v2.createComposeRule` instead. The v2 APIs use StandardTestDispatcher instead of UnconfinedTestDispatcher, which aligns with standard coroutine behavior by queuing tasks rather than executing them immediately. Tests relying on immediate execution may require explicit synchronization. Please refer to the migration guide for more details.
w: file:///home/zynergy-labs/Zynergy/forager-wt/topo-night/app/src/test/java/com/zynergylabs/forager/app/ui/log/RecordsFilterChipsTest.kt:76:31 'fun <reified A : ComponentActivity> createAndroidComposeRule(effectContext: CoroutineContext = ...): AndroidComposeTestRule<ActivityScenarioRule<A>, A>' is deprecated. Use `androidx.compose.ui.test.junit4.v2.createAndroidComposeRule` instead. The v2 APIs use StandardTestDispatcher instead of UnconfinedTestDispatcher, which aligns with standard coroutine behavior by queuing tasks rather than executing them immediately. Tests relying on immediate execution may require explicit synchronization. Please refer to the migration guide for more details.
w: file:///home/zynergy-labs/Zynergy/forager-wt/topo-night/app/src/test/java/com/zynergylabs/forager/app/ui/log/ReturnPromptRecreationTest.kt:51:23 'fun createEmptyComposeRule(effectContext: CoroutineContext = ...): ComposeTestRule' is deprecated. Use `androidx.compose.ui.test.junit4.v2.createEmptyComposeRule` instead. The v2 APIs use StandardTestDispatcher instead of UnconfinedTestDispatcher, which aligns with standard coroutine behavior by queuing tasks rather than executing them immediately. Tests relying on immediate execution may require explicit synchronization. Please refer to the migration guide for more details.
w: file:///home/zynergy-labs/Zynergy/forager-wt/topo-night/app/src/test/java/com/zynergylabs/forager/app/ui/log/RotateWithDeviceModifierTest.kt:36:31 'fun createComposeRule(effectContext: CoroutineContext = ...): ComposeContentTestRule' is deprecated. Use `androidx.compose.ui.test.junit4.v2.createComposeRule` instead. The v2 APIs use StandardTestDispatcher instead of UnconfinedTestDispatcher, which aligns with standard coroutine behavior by queuing tasks rather than executing them immediately. Tests relying on immediate execution may require explicit synchronization. Please refer to the migration guide for more details.
w: file:///home/zynergy-labs/Zynergy/forager-wt/topo-night/app/src/test/java/com/zynergylabs/forager/app/ui/log/TrackDeleteTest.kt:87:31 'fun <reified A : ComponentActivity> createAndroidComposeRule(effectContext: CoroutineContext = ...): AndroidComposeTestRule<ActivityScenarioRule<A>, A>' is deprecated. Use `androidx.compose.ui.test.junit4.v2.createAndroidComposeRule` instead. The v2 APIs use StandardTestDispatcher instead of UnconfinedTestDispatcher, which aligns with standard coroutine behavior by queuing tasks rather than executing them immediately. Tests relying on immediate execution may require explicit synchronization. Please refer to the migration guide for more details.
w: file:///home/zynergy-labs/Zynergy/forager-wt/topo-night/app/src/test/java/com/zynergylabs/forager/app/ui/log/WindowOrientationTest.kt:52:31 'fun <reified A : ComponentActivity> createAndroidComposeRule(effectContext: CoroutineContext = ...): AndroidComposeTestRule<ActivityScenarioRule<A>, A>' is deprecated. Use `androidx.compose.ui.test.junit4.v2.createAndroidComposeRule` instead. The v2 APIs use StandardTestDispatcher instead of UnconfinedTestDispatcher, which aligns with standard coroutine behavior by queuing tasks rather than executing them immediately. Tests relying on immediate execution may require explicit synchronization. Please refer to the migration guide for more details.
w: file:///home/zynergy-labs/Zynergy/forager-wt/topo-night/app/src/test/java/com/zynergylabs/forager/app/ui/map/CentrePinLocationPickerTest.kt:52:31 'fun createComposeRule(effectContext: CoroutineContext = ...): ComposeContentTestRule' is deprecated. Use `androidx.compose.ui.test.junit4.v2.createComposeRule` instead. The v2 APIs use StandardTestDispatcher instead of UnconfinedTestDispatcher, which aligns with standard coroutine behavior by queuing tasks rather than executing them immediately. Tests relying on immediate execution may require explicit synchronization. Please refer to the migration guide for more details.
w: file:///home/zynergy-labs/Zynergy/forager-wt/topo-night/app/src/test/java/com/zynergylabs/forager/app/ui/map/JournalEntriesChipTest.kt:56:31 'fun createComposeRule(effectContext: CoroutineContext = ...): ComposeContentTestRule' is deprecated. Use `androidx.compose.ui.test.junit4.v2.createComposeRule` instead. The v2 APIs use StandardTestDispatcher instead of UnconfinedTestDispatcher, which aligns with standard coroutine behavior by queuing tasks rather than executing them immediately. Tests relying on immediate execution may require explicit synchronization. Please refer to the migration guide for more details.
w: file:///home/zynergy-labs/Zynergy/forager-wt/topo-night/app/src/test/java/com/zynergylabs/forager/app/ui/map/MapChromeColourTokenTest.kt:60:31 'fun <reified A : ComponentActivity> createAndroidComposeRule(effectContext: CoroutineContext = ...): AndroidComposeTestRule<ActivityScenarioRule<A>, A>' is deprecated. Use `androidx.compose.ui.test.junit4.v2.createAndroidComposeRule` instead. The v2 APIs use StandardTestDispatcher instead of UnconfinedTestDispatcher, which aligns with standard coroutine behavior by queuing tasks rather than executing them immediately. Tests relying on immediate execution may require explicit synchronization. Please refer to the migration guide for more details.
w: file:///home/zynergy-labs/Zynergy/forager-wt/topo-night/app/src/test/java/com/zynergylabs/forager/app/ui/map/MapLayersSheetTest.kt:33:31 'fun createComposeRule(effectContext: CoroutineContext = ...): ComposeContentTestRule' is deprecated. Use `androidx.compose.ui.test.junit4.v2.createComposeRule` instead. The v2 APIs use StandardTestDispatcher instead of UnconfinedTestDispatcher, which aligns with standard coroutine behavior by queuing tasks rather than executing them immediately. Tests relying on immediate execution may require explicit synchronization. Please refer to the migration guide for more details.
w: file:///home/zynergy-labs/Zynergy/forager-wt/topo-night/app/src/test/java/com/zynergylabs/forager/app/ui/map/MapViewportResizeTest.kt:45:31 'fun <reified A : ComponentActivity> createAndroidComposeRule(effectContext: CoroutineContext = ...): AndroidComposeTestRule<ActivityScenarioRule<A>, A>' is deprecated. Use `androidx.compose.ui.test.junit4.v2.createAndroidComposeRule` instead. The v2 APIs use StandardTestDispatcher instead of UnconfinedTestDispatcher, which aligns with standard coroutine behavior by queuing tasks rather than executing them immediately. Tests relying on immediate execution may require explicit synchronization. Please refer to the migration guide for more details.
w: file:///home/zynergy-labs/Zynergy/forager-wt/topo-night/app/src/test/java/com/zynergylabs/forager/app/ui/map/fanout/MarkerFanOutHostTest.kt:42:31 'fun <reified A : ComponentActivity> createAndroidComposeRule(effectContext: CoroutineContext = ...): AndroidComposeTestRule<ActivityScenarioRule<A>, A>' is deprecated. Use `androidx.compose.ui.test.junit4.v2.createAndroidComposeRule` instead. The v2 APIs use StandardTestDispatcher instead of UnconfinedTestDispatcher, which aligns with standard coroutine behavior by queuing tasks rather than executing them immediately. Tests relying on immediate execution may require explicit synchronization. Please refer to the migration guide for more details.
w: file:///home/zynergy-labs/Zynergy/forager-wt/topo-night/app/src/test/java/com/zynergylabs/forager/app/ui/map/layers/MapLayerRegistryTest.kt:450:71 Unnecessary non-null assertion (!!) on a non-null receiver of type 'PaletteRole'.
w: file:///home/zynergy-labs/Zynergy/forager-wt/topo-night/app/src/test/java/com/zynergylabs/forager/app/ui/motion/MotionTokensTest.kt:39:31 'fun createComposeRule(effectContext: CoroutineContext = ...): ComposeContentTestRule' is deprecated. Use `androidx.compose.ui.test.junit4.v2.createComposeRule` instead. The v2 APIs use StandardTestDispatcher instead of UnconfinedTestDispatcher, which aligns with standard coroutine behavior by queuing tasks rather than executing them immediately. Tests relying on immediate execution may require explicit synchronization. Please refer to the migration guide for more details.
w: file:///home/zynergy-labs/Zynergy/forager-wt/topo-night/app/src/test/java/com/zynergylabs/forager/app/ui/track/TrackRecordingSundownTest.kt:63:43 This declaration needs opt-in. Its usage should be marked with '@kotlinx.coroutines.ExperimentalCoroutinesApi' or '@OptIn(kotlinx.coroutines.ExperimentalCoroutinesApi::class)'
w: file:///home/zynergy-labs/Zynergy/forager-wt/topo-night/app/src/test/java/com/zynergylabs/forager/app/ui/track/TrackRecordingSundownTest.kt:65:45 This declaration needs opt-in. Its usage should be marked with '@kotlinx.coroutines.ExperimentalCoroutinesApi' or '@OptIn(kotlinx.coroutines.ExperimentalCoroutinesApi::class)'
w: file:///home/zynergy-labs/Zynergy/forager-wt/topo-night/app/src/test/java/com/zynergylabs/forager/app/ui/track/TrackRecordingSundownTest.kt:143:9 This declaration needs opt-in. Its usage should be marked with '@kotlinx.coroutines.ExperimentalCoroutinesApi' or '@OptIn(kotlinx.coroutines.ExperimentalCoroutinesApi::class)'
w: file:///home/zynergy-labs/Zynergy/forager-wt/topo-night/app/src/test/java/com/zynergylabs/forager/app/ui/track/TrackRecordingSundownTest.kt:158:9 This declaration needs opt-in. Its usage should be marked with '@kotlinx.coroutines.ExperimentalCoroutinesApi' or '@OptIn(kotlinx.coroutines.ExperimentalCoroutinesApi::class)'
w: file:///home/zynergy-labs/Zynergy/forager-wt/topo-night/app/src/test/java/com/zynergylabs/forager/app/ui/track/TrackRecordingSundownTest.kt:164:9 This declaration needs opt-in. Its usage should be marked with '@kotlinx.coroutines.ExperimentalCoroutinesApi' or '@OptIn(kotlinx.coroutines.ExperimentalCoroutinesApi::class)'
w: file:///home/zynergy-labs/Zynergy/forager-wt/topo-night/app/src/test/java/com/zynergylabs/forager/app/ui/track/TrackRecordingSundownTest.kt:165:9 This declaration needs opt-in. Its usage should be marked with '@kotlinx.coroutines.ExperimentalCoroutinesApi' or '@OptIn(kotlinx.coroutines.ExperimentalCoroutinesApi::class)'
w: file:///home/zynergy-labs/Zynergy/forager-wt/topo-night/app/src/test/java/com/zynergylabs/forager/app/ui/track/TrackRecordingSundownTest.kt:185:9 This declaration needs opt-in. Its usage should be marked with '@kotlinx.coroutines.ExperimentalCoroutinesApi' or '@OptIn(kotlinx.coroutines.ExperimentalCoroutinesApi::class)'
w: file:///home/zynergy-labs/Zynergy/forager-wt/topo-night/app/src/test/java/com/zynergylabs/forager/app/ui/track/TrackRecordingSundownTest.kt:191:9 This declaration needs opt-in. Its usage should be marked with '@kotlinx.coroutines.ExperimentalCoroutinesApi' or '@OptIn(kotlinx.coroutines.ExperimentalCoroutinesApi::class)'
w: file:///home/zynergy-labs/Zynergy/forager-wt/topo-night/app/src/test/java/com/zynergylabs/forager/app/ui/track/TrackRecordingSundownTest.kt:192:9 This declaration needs opt-in. Its usage should be marked with '@kotlinx.coroutines.ExperimentalCoroutinesApi' or '@OptIn(kotlinx.coroutines.ExperimentalCoroutinesApi::class)'
w: file:///home/zynergy-labs/Zynergy/forager-wt/topo-night/app/src/test/java/com/zynergylabs/forager/app/ui/track/TrackRecordingSundownTest.kt:207:9 This declaration needs opt-in. Its usage should be marked with '@kotlinx.coroutines.ExperimentalCoroutinesApi' or '@OptIn(kotlinx.coroutines.ExperimentalCoroutinesApi::class)'
w: file:///home/zynergy-labs/Zynergy/forager-wt/topo-night/app/src/test/java/com/zynergylabs/forager/app/ui/track/TrackRecordingSundownTest.kt:213:9 This declaration needs opt-in. Its usage should be marked with '@kotlinx.coroutines.ExperimentalCoroutinesApi' or '@OptIn(kotlinx.coroutines.ExperimentalCoroutinesApi::class)'
w: file:///home/zynergy-labs/Zynergy/forager-wt/topo-night/app/src/test/java/com/zynergylabs/forager/app/ui/track/TrackRecordingSundownTest.kt:214:9 This declaration needs opt-in. Its usage should be marked with '@kotlinx.coroutines.ExperimentalCoroutinesApi' or '@OptIn(kotlinx.coroutines.ExperimentalCoroutinesApi::class)'
w: file:///home/zynergy-labs/Zynergy/forager-wt/topo-night/app/src/test/java/com/zynergylabs/forager/app/ui/track/TrackRecordingViewModelTest.kt:85:31 This declaration needs opt-in. Its usage should be marked with '@kotlinx.coroutines.ExperimentalCoroutinesApi' or '@OptIn(kotlinx.coroutines.ExperimentalCoroutinesApi::class)'
w: file:///home/zynergy-labs/Zynergy/forager-wt/topo-night/app/src/test/java/com/zynergylabs/forager/app/ui/track/TrackRecordingViewModelTest.kt:88:34 This declaration needs opt-in. Its usage should be marked with '@kotlinx.coroutines.ExperimentalCoroutinesApi' or '@OptIn(kotlinx.coroutines.ExperimentalCoroutinesApi::class)'
w: file:///home/zynergy-labs/Zynergy/forager-wt/topo-night/app/src/test/java/com/zynergylabs/forager/app/ui/track/TrackRecordingViewModelTest.kt:157:9 This declaration needs opt-in. Its usage should be marked with '@kotlinx.coroutines.ExperimentalCoroutinesApi' or '@OptIn(kotlinx.coroutines.ExperimentalCoroutinesApi::class)'
w: file:///home/zynergy-labs/Zynergy/forager-wt/topo-night/app/src/test/java/com/zynergylabs/forager/app/ui/track/TrackRecordingViewModelTest.kt:174:9 This declaration needs opt-in. Its usage should be marked with '@kotlinx.coroutines.ExperimentalCoroutinesApi' or '@OptIn(kotlinx.coroutines.ExperimentalCoroutinesApi::class)'
w: file:///home/zynergy-labs/Zynergy/forager-wt/topo-night/app/src/test/java/com/zynergylabs/forager/app/ui/track/TrackRecordingViewModelTest.kt:200:9 This declaration needs opt-in. Its usage should be marked with '@kotlinx.coroutines.ExperimentalCoroutinesApi' or '@OptIn(kotlinx.coroutines.ExperimentalCoroutinesApi::class)'
w: file:///home/zynergy-labs/Zynergy/forager-wt/topo-night/app/src/test/java/com/zynergylabs/forager/app/ui/track/TrackRecordingViewModelTest.kt:220:9 This declaration needs opt-in. Its usage should be marked with '@kotlinx.coroutines.ExperimentalCoroutinesApi' or '@OptIn(kotlinx.coroutines.ExperimentalCoroutinesApi::class)'
w: file:///home/zynergy-labs/Zynergy/forager-wt/topo-night/app/src/test/java/com/zynergylabs/forager/app/ui/track/TrackRecordingViewModelTest.kt:228:9 This declaration needs opt-in. Its usage should be marked with '@kotlinx.coroutines.ExperimentalCoroutinesApi' or '@OptIn(kotlinx.coroutines.ExperimentalCoroutinesApi::class)'
w: file:///home/zynergy-labs/Zynergy/forager-wt/topo-night/app/src/test/java/com/zynergylabs/forager/app/ui/track/TrackRecordingViewModelTest.kt:237:9 This declaration needs opt-in. Its usage should be marked with '@kotlinx.coroutines.ExperimentalCoroutinesApi' or '@OptIn(kotlinx.coroutines.ExperimentalCoroutinesApi::class)'
w: file:///home/zynergy-labs/Zynergy/forager-wt/topo-night/app/src/test/java/com/zynergylabs/forager/app/ui/track/TrackRecordingViewModelTest.kt:241:9 This declaration needs opt-in. Its usage should be marked with '@kotlinx.coroutines.ExperimentalCoroutinesApi' or '@OptIn(kotlinx.coroutines.ExperimentalCoroutinesApi::class)'
w: file:///home/zynergy-labs/Zynergy/forager-wt/topo-night/app/src/test/java/com/zynergylabs/forager/app/ui/track/TrackRecordingViewModelTest.kt:242:9 This declaration needs opt-in. Its usage should be marked with '@kotlinx.coroutines.ExperimentalCoroutinesApi' or '@OptIn(kotlinx.coroutines.ExperimentalCoroutinesApi::class)'
w: file:///home/zynergy-labs/Zynergy/forager-wt/topo-night/app/src/test/java/com/zynergylabs/forager/app/ui/track/TrackRecordingViewModelTest.kt:266:9 This declaration needs opt-in. Its usage should be marked with '@kotlinx.coroutines.ExperimentalCoroutinesApi' or '@OptIn(kotlinx.coroutines.ExperimentalCoroutinesApi::class)'
w: file:///home/zynergy-labs/Zynergy/forager-wt/topo-night/app/src/test/java/com/zynergylabs/forager/app/ui/track/TrackRecordingViewModelTest.kt:268:9 This declaration needs opt-in. Its usage should be marked with '@kotlinx.coroutines.ExperimentalCoroutinesApi' or '@OptIn(kotlinx.coroutines.ExperimentalCoroutinesApi::class)'
w: file:///home/zynergy-labs/Zynergy/forager-wt/topo-night/app/src/test/java/com/zynergylabs/forager/app/ui/track/TrackRecordingViewModelTest.kt:275:9 This declaration needs opt-in. Its usage should be marked with '@kotlinx.coroutines.ExperimentalCoroutinesApi' or '@OptIn(kotlinx.coroutines.ExperimentalCoroutinesApi::class)'
w: file:///home/zynergy-labs/Zynergy/forager-wt/topo-night/app/src/test/java/com/zynergylabs/forager/app/ui/track/TrackRecordingViewModelTest.kt:276:9 This declaration needs opt-in. Its usage should be marked with '@kotlinx.coroutines.ExperimentalCoroutinesApi' or '@OptIn(kotlinx.coroutines.ExperimentalCoroutinesApi::class)'
w: file:///home/zynergy-labs/Zynergy/forager-wt/topo-night/app/src/test/java/com/zynergylabs/forager/app/ui/track/TrackRecordingViewModelTest.kt:277:9 This declaration needs opt-in. Its usage should be marked with '@kotlinx.coroutines.ExperimentalCoroutinesApi' or '@OptIn(kotlinx.coroutines.ExperimentalCoroutinesApi::class)'
w: file:///home/zynergy-labs/Zynergy/forager-wt/topo-night/app/src/test/java/com/zynergylabs/forager/app/ui/track/TrackRecordingViewModelTest.kt:282:9 This declaration needs opt-in. Its usage should be marked with '@kotlinx.coroutines.ExperimentalCoroutinesApi' or '@OptIn(kotlinx.coroutines.ExperimentalCoroutinesApi::class)'
w: file:///home/zynergy-labs/Zynergy/forager-wt/topo-night/app/src/test/java/com/zynergylabs/forager/app/ui/track/TrackRecordingViewModelTest.kt:293:9 This declaration needs opt-in. Its usage should be marked with '@kotlinx.coroutines.ExperimentalCoroutinesApi' or '@OptIn(kotlinx.coroutines.ExperimentalCoroutinesApi::class)'
w: file:///home/zynergy-labs/Zynergy/forager-wt/topo-night/app/src/test/java/com/zynergylabs/forager/app/ui/track/TrackRecordingViewModelTest.kt:294:9 This declaration needs opt-in. Its usage should be marked with '@kotlinx.coroutines.ExperimentalCoroutinesApi' or '@OptIn(kotlinx.coroutines.ExperimentalCoroutinesApi::class)'
w: file:///home/zynergy-labs/Zynergy/forager-wt/topo-night/app/src/test/java/com/zynergylabs/forager/app/ui/track/TrackRecordingViewModelTest.kt:295:9 This declaration needs opt-in. Its usage should be marked with '@kotlinx.coroutines.ExperimentalCoroutinesApi' or '@OptIn(kotlinx.coroutines.ExperimentalCoroutinesApi::class)'
w: file:///home/zynergy-labs/Zynergy/forager-wt/topo-night/app/src/test/java/com/zynergylabs/forager/app/ui/track/TrackRecordingViewModelTest.kt:309:9 This declaration needs opt-in. Its usage should be marked with '@kotlinx.coroutines.ExperimentalCoroutinesApi' or '@OptIn(kotlinx.coroutines.ExperimentalCoroutinesApi::class)'
w: file:///home/zynergy-labs/Zynergy/forager-wt/topo-night/app/src/test/java/com/zynergylabs/forager/app/ui/track/TrackRecordingViewModelTest.kt:314:9 This declaration needs opt-in. Its usage should be marked with '@kotlinx.coroutines.ExperimentalCoroutinesApi' or '@OptIn(kotlinx.coroutines.ExperimentalCoroutinesApi::class)'
w: file:///home/zynergy-labs/Zynergy/forager-wt/topo-night/app/src/test/java/com/zynergylabs/forager/app/ui/track/TrackRecordingViewModelTest.kt:315:9 This declaration needs opt-in. Its usage should be marked with '@kotlinx.coroutines.ExperimentalCoroutinesApi' or '@OptIn(kotlinx.coroutines.ExperimentalCoroutinesApi::class)'
w: file:///home/zynergy-labs/Zynergy/forager-wt/topo-night/app/src/test/java/com/zynergylabs/forager/app/ui/track/TrackRecordingViewModelTest.kt:340:9 This declaration needs opt-in. Its usage should be marked with '@kotlinx.coroutines.ExperimentalCoroutinesApi' or '@OptIn(kotlinx.coroutines.ExperimentalCoroutinesApi::class)'
w: file:///home/zynergy-labs/Zynergy/forager-wt/topo-night/app/src/test/java/com/zynergylabs/forager/app/ui/track/TrackRecordingViewModelTest.kt:342:9 This declaration needs opt-in. Its usage should be marked with '@kotlinx.coroutines.ExperimentalCoroutinesApi' or '@OptIn(kotlinx.coroutines.ExperimentalCoroutinesApi::class)'
w: file:///home/zynergy-labs/Zynergy/forager-wt/topo-night/app/src/test/java/com/zynergylabs/forager/app/ui/track/TrackRecordingViewModelTest.kt:343:9 This declaration needs opt-in. Its usage should be marked with '@kotlinx.coroutines.ExperimentalCoroutinesApi' or '@OptIn(kotlinx.coroutines.ExperimentalCoroutinesApi::class)'
w: file:///home/zynergy-labs/Zynergy/forager-wt/topo-night/app/src/test/java/com/zynergylabs/forager/app/ui/track/TrackRecordingViewModelTest.kt:347:9 This declaration needs opt-in. Its usage should be marked with '@kotlinx.coroutines.ExperimentalCoroutinesApi' or '@OptIn(kotlinx.coroutines.ExperimentalCoroutinesApi::class)'
w: file:///home/zynergy-labs/Zynergy/forager-wt/topo-night/app/src/test/java/com/zynergylabs/forager/app/ui/track/TrackRecordingViewModelTest.kt:360:9 This declaration needs opt-in. Its usage should be marked with '@kotlinx.coroutines.ExperimentalCoroutinesApi' or '@OptIn(kotlinx.coroutines.ExperimentalCoroutinesApi::class)'
w: file:///home/zynergy-labs/Zynergy/forager-wt/topo-night/app/src/test/java/com/zynergylabs/forager/app/ui/track/TrackRecordingViewModelTest.kt:362:9 This declaration needs opt-in. Its usage should be marked with '@kotlinx.coroutines.ExperimentalCoroutinesApi' or '@OptIn(kotlinx.coroutines.ExperimentalCoroutinesApi::class)'
w: file:///home/zynergy-labs/Zynergy/forager-wt/topo-night/app/src/test/java/com/zynergylabs/forager/app/ui/track/TrackRecordingViewModelTest.kt:363:9 This declaration needs opt-in. Its usage should be marked with '@kotlinx.coroutines.ExperimentalCoroutinesApi' or '@OptIn(kotlinx.coroutines.ExperimentalCoroutinesApi::class)'
w: file:///home/zynergy-labs/Zynergy/forager-wt/topo-night/app/src/test/java/com/zynergylabs/forager/app/ui/track/TrackRecordingViewModelTest.kt:365:9 This declaration needs opt-in. Its usage should be marked with '@kotlinx.coroutines.ExperimentalCoroutinesApi' or '@OptIn(kotlinx.coroutines.ExperimentalCoroutinesApi::class)'
w: file:///home/zynergy-labs/Zynergy/forager-wt/topo-night/app/src/test/java/com/zynergylabs/forager/app/ui/track/TrackRecordingViewModelTest.kt:373:9 This declaration needs opt-in. Its usage should be marked with '@kotlinx.coroutines.ExperimentalCoroutinesApi' or '@OptIn(kotlinx.coroutines.ExperimentalCoroutinesApi::class)'
w: file:///home/zynergy-labs/Zynergy/forager-wt/topo-night/app/src/test/java/com/zynergylabs/forager/app/ui/track/TrackRecordingViewModelTest.kt:381:9 This declaration needs opt-in. Its usage should be marked with '@kotlinx.coroutines.ExperimentalCoroutinesApi' or '@OptIn(kotlinx.coroutines.ExperimentalCoroutinesApi::class)'
w: file:///home/zynergy-labs/Zynergy/forager-wt/topo-night/app/src/test/java/com/zynergylabs/forager/app/ui/track/TrackRecordingViewModelTest.kt:419:9 This declaration needs opt-in. Its usage should be marked with '@kotlinx.coroutines.ExperimentalCoroutinesApi' or '@OptIn(kotlinx.coroutines.ExperimentalCoroutinesApi::class)'
w: file:///home/zynergy-labs/Zynergy/forager-wt/topo-night/app/src/test/java/com/zynergylabs/forager/app/ui/track/TrackRecordingViewModelTest.kt:438:9 This declaration needs opt-in. Its usage should be marked with '@kotlinx.coroutines.ExperimentalCoroutinesApi' or '@OptIn(kotlinx.coroutines.ExperimentalCoroutinesApi::class)'
w: file:///home/zynergy-labs/Zynergy/forager-wt/topo-night/app/src/test/java/com/zynergylabs/forager/app/ui/track/TrackRecordingViewModelTest.kt:440:9 This declaration needs opt-in. Its usage should be marked with '@kotlinx.coroutines.ExperimentalCoroutinesApi' or '@OptIn(kotlinx.coroutines.ExperimentalCoroutinesApi::class)'
w: file:///home/zynergy-labs/Zynergy/forager-wt/topo-night/app/src/test/java/com/zynergylabs/forager/app/ui/track/TrackRecordingViewModelTest.kt:441:9 This declaration needs opt-in. Its usage should be marked with '@kotlinx.coroutines.ExperimentalCoroutinesApi' or '@OptIn(kotlinx.coroutines.ExperimentalCoroutinesApi::class)'
w: file:///home/zynergy-labs/Zynergy/forager-wt/topo-night/app/src/test/java/com/zynergylabs/forager/app/ui/track/TrackRecordingViewModelTest.kt:468:9 This declaration needs opt-in. Its usage should be marked with '@kotlinx.coroutines.ExperimentalCoroutinesApi' or '@OptIn(kotlinx.coroutines.ExperimentalCoroutinesApi::class)'
w: file:///home/zynergy-labs/Zynergy/forager-wt/topo-night/app/src/test/java/com/zynergylabs/forager/app/ui/track/TrackRecordingViewModelTest.kt:470:9 This declaration needs opt-in. Its usage should be marked with '@kotlinx.coroutines.ExperimentalCoroutinesApi' or '@OptIn(kotlinx.coroutines.ExperimentalCoroutinesApi::class)'
w: file:///home/zynergy-labs/Zynergy/forager-wt/topo-night/app/src/test/java/com/zynergylabs/forager/app/ui/track/TrackRecordingViewModelTest.kt:471:9 This declaration needs opt-in. Its usage should be marked with '@kotlinx.coroutines.ExperimentalCoroutinesApi' or '@OptIn(kotlinx.coroutines.ExperimentalCoroutinesApi::class)'
w: file:///home/zynergy-labs/Zynergy/forager-wt/topo-night/app/src/test/java/com/zynergylabs/forager/app/ui/track/TrackRecordingViewModelTest.kt:500:9 This declaration needs opt-in. Its usage should be marked with '@kotlinx.coroutines.ExperimentalCoroutinesApi' or '@OptIn(kotlinx.coroutines.ExperimentalCoroutinesApi::class)'
w: file:///home/zynergy-labs/Zynergy/forager-wt/topo-night/app/src/test/java/com/zynergylabs/forager/app/ui/track/TrackRecordingViewModelTest.kt:502:9 This declaration needs opt-in. Its usage should be marked with '@kotlinx.coroutines.ExperimentalCoroutinesApi' or '@OptIn(kotlinx.coroutines.ExperimentalCoroutinesApi::class)'
w: file:///home/zynergy-labs/Zynergy/forager-wt/topo-night/app/src/test/java/com/zynergylabs/forager/app/ui/track/TrackRecordingViewModelTest.kt:503:9 This declaration needs opt-in. Its usage should be marked with '@kotlinx.coroutines.ExperimentalCoroutinesApi' or '@OptIn(kotlinx.coroutines.ExperimentalCoroutinesApi::class)'
w: file:///home/zynergy-labs/Zynergy/forager-wt/topo-night/app/src/test/java/com/zynergylabs/forager/app/ui/track/TrackRecordingViewModelTest.kt:530:9 This declaration needs opt-in. Its usage should be marked with '@kotlinx.coroutines.ExperimentalCoroutinesApi' or '@OptIn(kotlinx.coroutines.ExperimentalCoroutinesApi::class)'
w: file:///home/zynergy-labs/Zynergy/forager-wt/topo-night/app/src/test/java/com/zynergylabs/forager/app/ui/track/TrackRecordingViewModelTest.kt:532:9 This declaration needs opt-in. Its usage should be marked with '@kotlinx.coroutines.ExperimentalCoroutinesApi' or '@OptIn(kotlinx.coroutines.ExperimentalCoroutinesApi::class)'
w: file:///home/zynergy-labs/Zynergy/forager-wt/topo-night/app/src/test/java/com/zynergylabs/forager/app/ui/track/TrackRecordingViewModelTest.kt:533:9 This declaration needs opt-in. Its usage should be marked with '@kotlinx.coroutines.ExperimentalCoroutinesApi' or '@OptIn(kotlinx.coroutines.ExperimentalCoroutinesApi::class)'
w: file:///home/zynergy-labs/Zynergy/forager-wt/topo-night/app/src/test/java/com/zynergylabs/forager/app/ui/track/TrackRecordingViewModelTest.kt:550:9 This declaration needs opt-in. Its usage should be marked with '@kotlinx.coroutines.ExperimentalCoroutinesApi' or '@OptIn(kotlinx.coroutines.ExperimentalCoroutinesApi::class)'
w: file:///home/zynergy-labs/Zynergy/forager-wt/topo-night/app/src/test/java/com/zynergylabs/forager/app/ui/track/TrackRecordingViewModelTest.kt:552:9 This declaration needs opt-in. Its usage should be marked with '@kotlinx.coroutines.ExperimentalCoroutinesApi' or '@OptIn(kotlinx.coroutines.ExperimentalCoroutinesApi::class)'
w: file:///home/zynergy-labs/Zynergy/forager-wt/topo-night/app/src/test/java/com/zynergylabs/forager/app/ui/track/TrackRecordingViewModelTest.kt:553:9 This declaration needs opt-in. Its usage should be marked with '@kotlinx.coroutines.ExperimentalCoroutinesApi' or '@OptIn(kotlinx.coroutines.ExperimentalCoroutinesApi::class)'
w: file:///home/zynergy-labs/Zynergy/forager-wt/topo-night/app/src/test/java/com/zynergylabs/forager/app/ui/track/TrackRecordingViewModelTest.kt:578:9 This declaration needs opt-in. Its usage should be marked with '@kotlinx.coroutines.ExperimentalCoroutinesApi' or '@OptIn(kotlinx.coroutines.ExperimentalCoroutinesApi::class)'
w: file:///home/zynergy-labs/Zynergy/forager-wt/topo-night/app/src/test/java/com/zynergylabs/forager/app/ui/track/TrackRecordingViewModelTest.kt:580:9 This declaration needs opt-in. Its usage should be marked with '@kotlinx.coroutines.ExperimentalCoroutinesApi' or '@OptIn(kotlinx.coroutines.ExperimentalCoroutinesApi::class)'
w: file:///home/zynergy-labs/Zynergy/forager-wt/topo-night/app/src/test/java/com/zynergylabs/forager/app/ui/track/TrackRecordingViewModelTest.kt:581:9 This declaration needs opt-in. Its usage should be marked with '@kotlinx.coroutines.ExperimentalCoroutinesApi' or '@OptIn(kotlinx.coroutines.ExperimentalCoroutinesApi::class)'
w: file:///home/zynergy-labs/Zynergy/forager-wt/topo-night/app/src/test/java/com/zynergylabs/forager/app/ui/track/TrackRecordingViewModelTest.kt:598:9 This declaration needs opt-in. Its usage should be marked with '@kotlinx.coroutines.ExperimentalCoroutinesApi' or '@OptIn(kotlinx.coroutines.ExperimentalCoroutinesApi::class)'
w: file:///home/zynergy-labs/Zynergy/forager-wt/topo-night/app/src/test/java/com/zynergylabs/forager/app/ui/track/TrackRecordingViewModelTest.kt:600:9 This declaration needs opt-in. Its usage should be marked with '@kotlinx.coroutines.ExperimentalCoroutinesApi' or '@OptIn(kotlinx.coroutines.ExperimentalCoroutinesApi::class)'
w: file:///home/zynergy-labs/Zynergy/forager-wt/topo-night/app/src/test/java/com/zynergylabs/forager/app/ui/track/TrackRecordingViewModelTest.kt:601:9 This declaration needs opt-in. Its usage should be marked with '@kotlinx.coroutines.ExperimentalCoroutinesApi' or '@OptIn(kotlinx.coroutines.ExperimentalCoroutinesApi::class)'
w: file:///home/zynergy-labs/Zynergy/forager-wt/topo-night/app/src/test/java/com/zynergylabs/forager/app/ui/track/TrackRecordingViewModelTest.kt:618:9 This declaration needs opt-in. Its usage should be marked with '@kotlinx.coroutines.ExperimentalCoroutinesApi' or '@OptIn(kotlinx.coroutines.ExperimentalCoroutinesApi::class)'
w: file:///home/zynergy-labs/Zynergy/forager-wt/topo-night/app/src/test/java/com/zynergylabs/forager/app/ui/track/TrackRecordingViewModelTest.kt:620:9 This declaration needs opt-in. Its usage should be marked with '@kotlinx.coroutines.ExperimentalCoroutinesApi' or '@OptIn(kotlinx.coroutines.ExperimentalCoroutinesApi::class)'
w: file:///home/zynergy-labs/Zynergy/forager-wt/topo-night/app/src/test/java/com/zynergylabs/forager/app/ui/track/TrackRecordingViewModelTest.kt:621:9 This declaration needs opt-in. Its usage should be marked with '@kotlinx.coroutines.ExperimentalCoroutinesApi' or '@OptIn(kotlinx.coroutines.ExperimentalCoroutinesApi::class)'
w: file:///home/zynergy-labs/Zynergy/forager-wt/topo-night/app/src/test/java/com/zynergylabs/forager/app/ui/track/TrackRecordingViewModelTest.kt:638:9 This declaration needs opt-in. Its usage should be marked with '@kotlinx.coroutines.ExperimentalCoroutinesApi' or '@OptIn(kotlinx.coroutines.ExperimentalCoroutinesApi::class)'
w: file:///home/zynergy-labs/Zynergy/forager-wt/topo-night/app/src/test/java/com/zynergylabs/forager/app/ui/track/TrackRecordingViewModelTest.kt:651:9 This declaration needs opt-in. Its usage should be marked with '@kotlinx.coroutines.ExperimentalCoroutinesApi' or '@OptIn(kotlinx.coroutines.ExperimentalCoroutinesApi::class)'
w: file:///home/zynergy-labs/Zynergy/forager-wt/topo-night/app/src/test/java/com/zynergylabs/forager/app/ui/track/TrackRecordingViewModelTest.kt:655:9 This declaration needs opt-in. Its usage should be marked with '@kotlinx.coroutines.ExperimentalCoroutinesApi' or '@OptIn(kotlinx.coroutines.ExperimentalCoroutinesApi::class)'
w: file:///home/zynergy-labs/Zynergy/forager-wt/topo-night/app/src/test/java/com/zynergylabs/forager/app/ui/track/TrackRecordingViewModelTest.kt:668:9 This declaration needs opt-in. Its usage should be marked with '@kotlinx.coroutines.ExperimentalCoroutinesApi' or '@OptIn(kotlinx.coroutines.ExperimentalCoroutinesApi::class)'
w: file:///home/zynergy-labs/Zynergy/forager-wt/topo-night/app/src/test/java/com/zynergylabs/forager/app/ui/track/TrackRecordingViewModelTest.kt:672:9 This declaration needs opt-in. Its usage should be marked with '@kotlinx.coroutines.ExperimentalCoroutinesApi' or '@OptIn(kotlinx.coroutines.ExperimentalCoroutinesApi::class)'
w: file:///home/zynergy-labs/Zynergy/forager-wt/topo-night/app/src/test/java/com/zynergylabs/forager/app/ui/track/TrackRecordingViewModelTest.kt:688:9 This declaration needs opt-in. Its usage should be marked with '@kotlinx.coroutines.ExperimentalCoroutinesApi' or '@OptIn(kotlinx.coroutines.ExperimentalCoroutinesApi::class)'
w: file:///home/zynergy-labs/Zynergy/forager-wt/topo-night/app/src/test/java/com/zynergylabs/forager/app/ui/track/TrackRecordingViewModelTest.kt:691:9 This declaration needs opt-in. Its usage should be marked with '@kotlinx.coroutines.ExperimentalCoroutinesApi' or '@OptIn(kotlinx.coroutines.ExperimentalCoroutinesApi::class)'
w: file:///home/zynergy-labs/Zynergy/forager-wt/topo-night/app/src/test/java/com/zynergylabs/forager/app/ui/track/TrackRecordingViewModelTest.kt:704:9 This declaration needs opt-in. Its usage should be marked with '@kotlinx.coroutines.ExperimentalCoroutinesApi' or '@OptIn(kotlinx.coroutines.ExperimentalCoroutinesApi::class)'
w: file:///home/zynergy-labs/Zynergy/forager-wt/topo-night/app/src/test/java/com/zynergylabs/forager/app/ui/track/TrackRecordingViewModelTest.kt:706:9 This declaration needs opt-in. Its usage should be marked with '@kotlinx.coroutines.ExperimentalCoroutinesApi' or '@OptIn(kotlinx.coroutines.ExperimentalCoroutinesApi::class)'
w: file:///home/zynergy-labs/Zynergy/forager-wt/topo-night/app/src/test/java/com/zynergylabs/forager/app/ui/track/TrackRecordingViewModelTest.kt:710:9 This declaration needs opt-in. Its usage should be marked with '@kotlinx.coroutines.ExperimentalCoroutinesApi' or '@OptIn(kotlinx.coroutines.ExperimentalCoroutinesApi::class)'
w: file:///home/zynergy-labs/Zynergy/forager-wt/topo-night/app/src/test/java/com/zynergylabs/forager/app/ui/track/TrackRecordingViewModelTest.kt:721:9 This declaration needs opt-in. Its usage should be marked with '@kotlinx.coroutines.ExperimentalCoroutinesApi' or '@OptIn(kotlinx.coroutines.ExperimentalCoroutinesApi::class)'
w: file:///home/zynergy-labs/Zynergy/forager-wt/topo-night/app/src/test/java/com/zynergylabs/forager/app/ui/track/TrackRecordingViewModelTest.kt:723:9 This declaration needs opt-in. Its usage should be marked with '@kotlinx.coroutines.ExperimentalCoroutinesApi' or '@OptIn(kotlinx.coroutines.ExperimentalCoroutinesApi::class)'
w: file:///home/zynergy-labs/Zynergy/forager-wt/topo-night/app/src/test/java/com/zynergylabs/forager/app/ui/track/TrackRecordingViewModelTest.kt:726:9 This declaration needs opt-in. Its usage should be marked with '@kotlinx.coroutines.ExperimentalCoroutinesApi' or '@OptIn(kotlinx.coroutines.ExperimentalCoroutinesApi::class)'
w: file:///home/zynergy-labs/Zynergy/forager-wt/topo-night/app/src/test/java/com/zynergylabs/forager/app/ui/track/TrackRecordingViewModelTest.kt:728:9 This declaration needs opt-in. Its usage should be marked with '@kotlinx.coroutines.ExperimentalCoroutinesApi' or '@OptIn(kotlinx.coroutines.ExperimentalCoroutinesApi::class)'
w: file:///home/zynergy-labs/Zynergy/forager-wt/topo-night/app/src/test/java/com/zynergylabs/forager/app/ui/track/TrackRecordingViewModelTest.kt:739:9 This declaration needs opt-in. Its usage should be marked with '@kotlinx.coroutines.ExperimentalCoroutinesApi' or '@OptIn(kotlinx.coroutines.ExperimentalCoroutinesApi::class)'
w: file:///home/zynergy-labs/Zynergy/forager-wt/topo-night/app/src/test/java/com/zynergylabs/forager/app/ui/track/TrackRecordingViewModelTest.kt:741:9 This declaration needs opt-in. Its usage should be marked with '@kotlinx.coroutines.ExperimentalCoroutinesApi' or '@OptIn(kotlinx.coroutines.ExperimentalCoroutinesApi::class)'
w: file:///home/zynergy-labs/Zynergy/forager-wt/topo-night/app/src/test/java/com/zynergylabs/forager/app/ui/track/TrackRecordingViewModelTest.kt:744:9 This declaration needs opt-in. Its usage should be marked with '@kotlinx.coroutines.ExperimentalCoroutinesApi' or '@OptIn(kotlinx.coroutines.ExperimentalCoroutinesApi::class)'
w: file:///home/zynergy-labs/Zynergy/forager-wt/topo-night/app/src/test/java/com/zynergylabs/forager/app/ui/track/TrackRecordingViewModelTest.kt:760:9 This declaration needs opt-in. Its usage should be marked with '@kotlinx.coroutines.ExperimentalCoroutinesApi' or '@OptIn(kotlinx.coroutines.ExperimentalCoroutinesApi::class)'
w: file:///home/zynergy-labs/Zynergy/forager-wt/topo-night/app/src/test/java/com/zynergylabs/forager/app/ui/track/TrackRecordingViewModelTest.kt:762:9 This declaration needs opt-in. Its usage should be marked with '@kotlinx.coroutines.ExperimentalCoroutinesApi' or '@OptIn(kotlinx.coroutines.ExperimentalCoroutinesApi::class)'
w: file:///home/zynergy-labs/Zynergy/forager-wt/topo-night/app/src/test/java/com/zynergylabs/forager/app/ui/track/TrackRecordingViewModelTest.kt:766:9 This declaration needs opt-in. Its usage should be marked with '@kotlinx.coroutines.ExperimentalCoroutinesApi' or '@OptIn(kotlinx.coroutines.ExperimentalCoroutinesApi::class)'
w: file:///home/zynergy-labs/Zynergy/forager-wt/topo-night/app/src/test/java/com/zynergylabs/forager/app/ui/track/TrackRecordingViewModelTest.kt:789:9 This declaration needs opt-in. Its usage should be marked with '@kotlinx.coroutines.ExperimentalCoroutinesApi' or '@OptIn(kotlinx.coroutines.ExperimentalCoroutinesApi::class)'
w: file:///home/zynergy-labs/Zynergy/forager-wt/topo-night/app/src/test/java/com/zynergylabs/forager/app/ui/track/TrackRecordingViewModelTest.kt:791:9 This declaration needs opt-in. Its usage should be marked with '@kotlinx.coroutines.ExperimentalCoroutinesApi' or '@OptIn(kotlinx.coroutines.ExperimentalCoroutinesApi::class)'
w: file:///home/zynergy-labs/Zynergy/forager-wt/topo-night/app/src/test/java/com/zynergylabs/forager/app/ui/track/TrackRecordingViewModelTest.kt:796:9 This declaration needs opt-in. Its usage should be marked with '@kotlinx.coroutines.ExperimentalCoroutinesApi' or '@OptIn(kotlinx.coroutines.ExperimentalCoroutinesApi::class)'
w: file:///home/zynergy-labs/Zynergy/forager-wt/topo-night/app/src/test/java/com/zynergylabs/forager/app/ui/track/TrackRecordingViewModelTest.kt:810:9 This declaration needs opt-in. Its usage should be marked with '@kotlinx.coroutines.ExperimentalCoroutinesApi' or '@OptIn(kotlinx.coroutines.ExperimentalCoroutinesApi::class)'
w: file:///home/zynergy-labs/Zynergy/forager-wt/topo-night/app/src/test/java/com/zynergylabs/forager/app/ui/track/TrackRecordingViewModelTest.kt:821:9 This declaration needs opt-in. Its usage should be marked with '@kotlinx.coroutines.ExperimentalCoroutinesApi' or '@OptIn(kotlinx.coroutines.ExperimentalCoroutinesApi::class)'
w: file:///home/zynergy-labs/Zynergy/forager-wt/topo-night/app/src/test/java/com/zynergylabs/forager/app/ui/track/TrackRecordingViewModelTest.kt:823:9 This declaration needs opt-in. Its usage should be marked with '@kotlinx.coroutines.ExperimentalCoroutinesApi' or '@OptIn(kotlinx.coroutines.ExperimentalCoroutinesApi::class)'
w: file:///home/zynergy-labs/Zynergy/forager-wt/topo-night/app/src/test/java/com/zynergylabs/forager/app/ui/track/TrackRecordingViewModelTest.kt:824:9 This declaration needs opt-in. Its usage should be marked with '@kotlinx.coroutines.ExperimentalCoroutinesApi' or '@OptIn(kotlinx.coroutines.ExperimentalCoroutinesApi::class)'
w: file:///home/zynergy-labs/Zynergy/forager-wt/topo-night/app/src/test/java/com/zynergylabs/forager/app/ui/track/TrackRecordingViewModelTest.kt:826:9 This declaration needs opt-in. Its usage should be marked with '@kotlinx.coroutines.ExperimentalCoroutinesApi' or '@OptIn(kotlinx.coroutines.ExperimentalCoroutinesApi::class)'
w: file:///home/zynergy-labs/Zynergy/forager-wt/topo-night/app/src/test/java/com/zynergylabs/forager/app/ui/track/TrackRecordingViewModelTest.kt:842:9 This declaration needs opt-in. Its usage should be marked with '@kotlinx.coroutines.ExperimentalCoroutinesApi' or '@OptIn(kotlinx.coroutines.ExperimentalCoroutinesApi::class)'
w: file:///home/zynergy-labs/Zynergy/forager-wt/topo-night/app/src/test/java/com/zynergylabs/forager/app/ui/track/TrackRecordingViewModelTest.kt:844:9 This declaration needs opt-in. Its usage should be marked with '@kotlinx.coroutines.ExperimentalCoroutinesApi' or '@OptIn(kotlinx.coroutines.ExperimentalCoroutinesApi::class)'
w: file:///home/zynergy-labs/Zynergy/forager-wt/topo-night/app/src/test/java/com/zynergylabs/forager/app/ui/track/TrackRecordingViewModelTest.kt:846:9 This declaration needs opt-in. Its usage should be marked with '@kotlinx.coroutines.ExperimentalCoroutinesApi' or '@OptIn(kotlinx.coroutines.ExperimentalCoroutinesApi::class)'
w: file:///home/zynergy-labs/Zynergy/forager-wt/topo-night/app/src/test/java/com/zynergylabs/forager/app/ui/track/TrackRecordingViewModelTest.kt:848:9 This declaration needs opt-in. Its usage should be marked with '@kotlinx.coroutines.ExperimentalCoroutinesApi' or '@OptIn(kotlinx.coroutines.ExperimentalCoroutinesApi::class)'
w: file:///home/zynergy-labs/Zynergy/forager-wt/topo-night/app/src/test/java/com/zynergylabs/forager/app/ui/track/TrackRecordingViewModelTest.kt:850:9 This declaration needs opt-in. Its usage should be marked with '@kotlinx.coroutines.ExperimentalCoroutinesApi' or '@OptIn(kotlinx.coroutines.ExperimentalCoroutinesApi::class)'
w: file:///home/zynergy-labs/Zynergy/forager-wt/topo-night/app/src/test/java/com/zynergylabs/forager/app/ui/track/TrackRecordingViewModelTest.kt:868:9 This declaration needs opt-in. Its usage should be marked with '@kotlinx.coroutines.ExperimentalCoroutinesApi' or '@OptIn(kotlinx.coroutines.ExperimentalCoroutinesApi::class)'
w: file:///home/zynergy-labs/Zynergy/forager-wt/topo-night/app/src/test/java/com/zynergylabs/forager/app/ui/track/TrackRecordingViewModelTest.kt:870:9 This declaration needs opt-in. Its usage should be marked with '@kotlinx.coroutines.ExperimentalCoroutinesApi' or '@OptIn(kotlinx.coroutines.ExperimentalCoroutinesApi::class)'
w: file:///home/zynergy-labs/Zynergy/forager-wt/topo-night/app/src/test/java/com/zynergylabs/forager/app/ui/track/TrackRecordingViewModelTest.kt:872:9 This declaration needs opt-in. Its usage should be marked with '@kotlinx.coroutines.ExperimentalCoroutinesApi' or '@OptIn(kotlinx.coroutines.ExperimentalCoroutinesApi::class)'
w: file:///home/zynergy-labs/Zynergy/forager-wt/topo-night/app/src/test/java/com/zynergylabs/forager/app/ui/track/TrackRecordingViewModelTest.kt:899:9 This declaration needs opt-in. Its usage should be marked with '@kotlinx.coroutines.ExperimentalCoroutinesApi' or '@OptIn(kotlinx.coroutines.ExperimentalCoroutinesApi::class)'
w: file:///home/zynergy-labs/Zynergy/forager-wt/topo-night/app/src/test/java/com/zynergylabs/forager/app/ui/track/TrackRecordingViewModelTest.kt:909:9 This declaration needs opt-in. Its usage should be marked with '@kotlinx.coroutines.ExperimentalCoroutinesApi' or '@OptIn(kotlinx.coroutines.ExperimentalCoroutinesApi::class)'
w: file:///home/zynergy-labs/Zynergy/forager-wt/topo-night/app/src/test/java/com/zynergylabs/forager/app/ui/track/TrackRecordingViewModelTest.kt:915:9 This declaration needs opt-in. Its usage should be marked with '@kotlinx.coroutines.ExperimentalCoroutinesApi' or '@OptIn(kotlinx.coroutines.ExperimentalCoroutinesApi::class)'
w: file:///home/zynergy-labs/Zynergy/forager-wt/topo-night/app/src/test/java/com/zynergylabs/forager/app/ui/track/TrackRecordingViewModelTest.kt:926:9 This declaration needs opt-in. Its usage should be marked with '@kotlinx.coroutines.ExperimentalCoroutinesApi' or '@OptIn(kotlinx.coroutines.ExperimentalCoroutinesApi::class)'
w: file:///home/zynergy-labs/Zynergy/forager-wt/topo-night/app/src/test/java/com/zynergylabs/forager/app/ui/track/TrackRecordingViewModelTest.kt:930:9 This declaration needs opt-in. Its usage should be marked with '@kotlinx.coroutines.ExperimentalCoroutinesApi' or '@OptIn(kotlinx.coroutines.ExperimentalCoroutinesApi::class)'
w: file:///home/zynergy-labs/Zynergy/forager-wt/topo-night/app/src/test/java/com/zynergylabs/forager/app/ui/track/TrackRecordingViewModelTest.kt:950:9 This declaration needs opt-in. Its usage should be marked with '@kotlinx.coroutines.ExperimentalCoroutinesApi' or '@OptIn(kotlinx.coroutines.ExperimentalCoroutinesApi::class)'
w: file:///home/zynergy-labs/Zynergy/forager-wt/topo-night/app/src/test/java/com/zynergylabs/forager/app/ui/track/TrackRecordingViewModelTest.kt:963:9 This declaration needs opt-in. Its usage should be marked with '@kotlinx.coroutines.ExperimentalCoroutinesApi' or '@OptIn(kotlinx.coroutines.ExperimentalCoroutinesApi::class)'
w: file:///home/zynergy-labs/Zynergy/forager-wt/topo-night/app/src/test/java/com/zynergylabs/forager/app/ui/track/TrackRecordingViewModelTest.kt:964:9 This declaration needs opt-in. Its usage should be marked with '@kotlinx.coroutines.ExperimentalCoroutinesApi' or '@OptIn(kotlinx.coroutines.ExperimentalCoroutinesApi::class)'
w: file:///home/zynergy-labs/Zynergy/forager-wt/topo-night/app/src/test/java/com/zynergylabs/forager/app/ui/track/TrackRecordingViewModelTest.kt:972:9 This declaration needs opt-in. Its usage should be marked with '@kotlinx.coroutines.ExperimentalCoroutinesApi' or '@OptIn(kotlinx.coroutines.ExperimentalCoroutinesApi::class)'
w: file:///home/zynergy-labs/Zynergy/forager-wt/topo-night/app/src/test/java/com/zynergylabs/forager/app/ui/track/TrackRecordingViewModelTest.kt:973:9 This declaration needs opt-in. Its usage should be marked with '@kotlinx.coroutines.ExperimentalCoroutinesApi' or '@OptIn(kotlinx.coroutines.ExperimentalCoroutinesApi::class)'
w: file:///home/zynergy-labs/Zynergy/forager-wt/topo-night/app/src/test/java/com/zynergylabs/forager/app/ui/track/TrackRecordingViewModelTest.kt:984:9 This declaration needs opt-in. Its usage should be marked with '@kotlinx.coroutines.ExperimentalCoroutinesApi' or '@OptIn(kotlinx.coroutines.ExperimentalCoroutinesApi::class)'
w: file:///home/zynergy-labs/Zynergy/forager-wt/topo-night/app/src/test/java/com/zynergylabs/forager/app/ui/track/TrackRecordingViewModelTest.kt:996:9 This declaration needs opt-in. Its usage should be marked with '@kotlinx.coroutines.ExperimentalCoroutinesApi' or '@OptIn(kotlinx.coroutines.ExperimentalCoroutinesApi::class)'
w: file:///home/zynergy-labs/Zynergy/forager-wt/topo-night/app/src/test/java/com/zynergylabs/forager/app/ui/track/TrackRecordingViewModelTest.kt:997:9 This declaration needs opt-in. Its usage should be marked with '@kotlinx.coroutines.ExperimentalCoroutinesApi' or '@OptIn(kotlinx.coroutines.ExperimentalCoroutinesApi::class)'

> Task :app:compileDebugUnitTestJavaWithJavac NO-SOURCE
> Task :app:processDebugUnitTestJavaRes

> Task :app:testDebugUnitTest

TopoNightZoomTest > topo night at every sampled zoom is in the band of today's zoomed-in night FAILED
    java.lang.AssertionError at TopoNightZoomTest.kt:125

TopoNightZoomTest > zoom expressions evaluate as the style spec defines them, and anything else is refused FAILED
    java.lang.IllegalArgumentException at TopoNightZoomTest.kt:190

15 tests completed, 2 failed

> Task :app:testDebugUnitTest FAILED

[Incubating] Problems report is available at: file:///home/zynergy-labs/Zynergy/forager-wt/topo-night/build/reports/problems/problems-report.html

FAILURE: Build failed with an exception.

* What went wrong:
Execution failed for task ':app:testDebugUnitTest'.
> There were failing tests. See the report at: file:///home/zynergy-labs/Zynergy/forager-wt/topo-night/app/build/reports/tests/testDebugUnitTest/index.html

* Try:
> Run with --scan to get full insights from a Build Scan (powered by Develocity).

BUILD FAILED in 1m 5s
33 actionable tasks: 18 executed, 15 up-to-date
